# id,dateadded,url,url_status,last_online,threat,tags,urlhaus_link,reporter
"2563647","2023-03-09 01:30:20","http://182.121.41.254:47254/bin.sh","online","None","malware_download","32-bit,elf,mips,Mozi","https://urlhaus.abuse.ch/url/2563647/","geenensp"
"2563646","2023-03-09 01:30:13","http://a.dowgmua.com/gamexyz/3005/random.exe","offline","None","malware_download","32,exe","https://urlhaus.abuse.ch/url/2563646/","zbetcheckin"
"2563645","2023-03-09 01:27:13","http://49.73.80.141:40237/.i","online","None","malware_download","hajime","https://urlhaus.abuse.ch/url/2563645/","geenensp"
"2563644","2023-03-09 01:21:16","http://124.234.202.246:53416/.i","online","None","malware_download","hajime","https://urlhaus.abuse.ch/url/2563644/","geenensp"
"2563643","2023-03-09 01:20:42","http://61.53.34.138:49547/Mozi.m","offline","None","malware_download","elf,Mozi","https://urlhaus.abuse.ch/url/2563643/","lrz_urlhaus"
"2563642","2023-03-09 01:20:30","http://182.123.211.221:42036/i","online","None","malware_download","32-bit,elf,mips,Mozi","https://urlhaus.abuse.ch/url/2563642/","geenensp"
"2563641","2023-03-09 01:19:22","http://117.255.187.27:53362/Mozi.m","online","None","malware_download","elf,Mozi","https://urlhaus.abuse.ch/url/2563641/","lrz_urlhaus"
"2563640","2023-03-09 01:19:21","http://117.255.16.132:34826/Mozi.m","online","None","malware_download","elf,Mozi","https://urlhaus.abuse.ch/url/2563640/","lrz_urlhaus"
"2563639","2023-03-09 01:19:13","http://27.215.180.148:46785/Mozi.m","online","None","malware_download","elf,Mozi","https://urlhaus.abuse.ch/url/2563639/","lrz_urlhaus"
"2563638","2023-03-09 01:19:09","https://a.dowgmua.com/gamexyz/27/random.exe","offline","None","malware_download","32,exe","https://urlhaus.abuse.ch/url/2563638/","zbetcheckin"
"2563637","2023-03-09 01:18:11","http://23.94.231.188/7971/vbc.exe","online","None","malware_download","32,exe","https://urlhaus.abuse.ch/url/2563637/","zbetcheckin"
"2563636","2023-03-09 01:18:05","http://199.195.250.172/jack5tr.sh","online","None","malware_download","shellscript","https://urlhaus.abuse.ch/url/2563636/","zbetcheckin"
"2563635","2023-03-09 01:15:20","http://124.129.165.90:57469/i","online","None","malware_download","32-bit,elf,mips,Mozi","https://urlhaus.abuse.ch/url/2563635/","geenensp"
"2563634","2023-03-09 01:11:21","http://112.238.236.217:47506/i","online","None","malware_download","32-bit,elf,mips,Mozi","https://urlhaus.abuse.ch/url/2563634/","geenensp"
"2563633","2023-03-09 01:08:25","http://115.49.236.41:53494/bin.sh","online","None","malware_download","32-bit,elf,mips,Mozi","https://urlhaus.abuse.ch/url/2563633/","geenensp"
"2563632","2023-03-09 01:06:32","http://182.126.115.183:41658/i","offline","None","malware_download","32-bit,elf,mips,Mozi","https://urlhaus.abuse.ch/url/2563632/","geenensp"
"2563631","2023-03-09 01:06:15","http://61.1.224.123:45512/Mozi.m","online","None","malware_download","elf,Mozi","https://urlhaus.abuse.ch/url/2563631/","lrz_urlhaus"
"2563630","2023-03-09 01:05:43","http://60.189.90.51:48407/Mozi.m","offline","None","malware_download","elf,Mozi","https://urlhaus.abuse.ch/url/2563630/","lrz_urlhaus"
"2563629","2023-03-09 01:05:40","http://42.230.35.10:56999/Mozi.m","offline","None","malware_download","elf,Mozi","https://urlhaus.abuse.ch/url/2563629/","lrz_urlhaus"
"2563628","2023-03-09 01:05:14","http://59.89.225.35:46606/Mozi.m","online","None","malware_download","elf,Mozi","https://urlhaus.abuse.ch/url/2563628/","lrz_urlhaus"
"2563627","2023-03-09 01:04:23","http://117.212.163.205:39751/Mozi.m","online","None","malware_download","elf,Mozi","https://urlhaus.abuse.ch/url/2563627/","lrz_urlhaus"
"2563625","2023-03-09 01:04:22","http://117.211.41.255:45817/Mozi.m","online","None","malware_download","elf,Mozi","https://urlhaus.abuse.ch/url/2563625/","lrz_urlhaus"
"2563626","2023-03-09 01:04:22","http://117.216.25.52:57343/Mozi.m","online","None","malware_download","elf,Mozi","https://urlhaus.abuse.ch/url/2563626/","lrz_urlhaus"
"2563624","2023-03-09 01:04:21","http://113.101.96.108:52457/Mozi.m","online","None","malware_download","elf,mirai,Mozi","https://urlhaus.abuse.ch/url/2563624/","lrz_urlhaus"
"2563623","2023-03-09 01:02:16","http://182.117.54.200:35740/i","online","None","malware_download","32-bit,elf,mips,Mozi","https://urlhaus.abuse.ch/url/2563623/","geenensp"
"2563622","2023-03-09 01:01:40","https://a4c86.tool.pearldentalgroup.ca/subscribeEvent","offline","None","malware_download","SocGholish","https://urlhaus.abuse.ch/url/2563622/","Cryptolaemus1"
"2563621","2023-03-09 01:01:34","http://182.126.115.183:41658/bin.sh","offline","None","malware_download","32-bit,elf,mips,Mozi","https://urlhaus.abuse.ch/url/2563621/","geenensp"
"2563620","2023-03-09 01:01:21","http://182.124.90.208:35584/bin.sh","online","None","malware_download","32-bit,elf,mips,Mozi","https://urlhaus.abuse.ch/url/2563620/","geenensp"
"2563619","2023-03-09 00:51:34","http://211.92.119.190:45672/Mozi.a","online","None","malware_download","elf,Mozi","https://urlhaus.abuse.ch/url/2563619/","lrz_urlhaus"
"2563618","2023-03-09 00:51:23","http://217.8.228.92:36257/Mozi.m","online","None","malware_download","elf,mirai,Mozi","https://urlhaus.abuse.ch/url/2563618/","lrz_urlhaus"
"2563617","2023-03-09 00:50:41","http://115.49.37.221:41132/Mozi.m","offline","None","malware_download","elf,Mozi","https://urlhaus.abuse.ch/url/2563617/","lrz_urlhaus"
"2563616","2023-03-09 00:50:20","http://125.104.104.217:36524/Mozi.a","online","None","malware_download","elf,mirai,Mozi","https://urlhaus.abuse.ch/url/2563616/","lrz_urlhaus"
"2563615","2023-03-09 00:50:12","http://125.44.11.11:57741/Mozi.m","online","None","malware_download","elf,Mozi","https://urlhaus.abuse.ch/url/2563615/","lrz_urlhaus"
"2563614","2023-03-09 00:49:16","http://42.236.254.189:48757/i","online","None","malware_download","32-bit,elf,mips,Mozi","https://urlhaus.abuse.ch/url/2563614/","geenensp"
"2563613","2023-03-09 00:42:40","http://182.120.132.209:50891/bin.sh","offline","None","malware_download","32-bit,elf,mips,Mozi","https://urlhaus.abuse.ch/url/2563613/","geenensp"
"2563612","2023-03-09 00:41:39","http://175.31.228.180:40345/i","offline","None","malware_download","32-bit,arm,elf,Mozi","https://urlhaus.abuse.ch/url/2563612/","geenensp"
"2563611","2023-03-09 00:41:18","http://42.236.254.189:48757/bin.sh","online","None","malware_download","32-bit,elf,mips,Mozi","https://urlhaus.abuse.ch/url/2563611/","geenensp"
"2563610","2023-03-09 00:40:35","http://112.254.191.125:35077/i","offline","None","malware_download","32-bit,elf,mips,Mozi","https://urlhaus.abuse.ch/url/2563610/","geenensp"
"2563609","2023-03-09 00:38:24","http://112.238.236.217:47506/bin.sh","online","None","malware_download","32-bit,elf,mips,Mozi","https://urlhaus.abuse.ch/url/2563609/","geenensp"
"2563608","2023-03-09 00:38:19","http://125.45.56.58:39727/bin.sh","online","None","malware_download","32-bit,elf,mips,Mozi","https://urlhaus.abuse.ch/url/2563608/","geenensp"
"2563607","2023-03-09 00:37:42","http://121.236.243.64:49122/i","offline","None","malware_download","32-bit,arm,elf,Mozi","https://urlhaus.abuse.ch/url/2563607/","geenensp"
"2563606","2023-03-09 00:35:42","http://182.119.59.195:54670/Mozi.m","online","None","malware_download","elf,Mozi","https://urlhaus.abuse.ch/url/2563606/","lrz_urlhaus"
"2563605","2023-03-09 00:35:26","http://59.89.236.36:37249/Mozi.a","online","None","malware_download","elf,Mozi","https://urlhaus.abuse.ch/url/2563605/","lrz_urlhaus"
"2563604","2023-03-09 00:35:23","http://179.80.24.133:60099/Mozi.m","online","None","malware_download","elf,Mozi","https://urlhaus.abuse.ch/url/2563604/","lrz_urlhaus"
"2563603","2023-03-09 00:34:28","http://117.195.94.30:38480/Mozi.m","online","None","malware_download","elf,Mozi","https://urlhaus.abuse.ch/url/2563603/","lrz_urlhaus"
"2563602","2023-03-09 00:34:21","http://117.211.45.236:37979/Mozi.m","online","None","malware_download","elf,Mozi","https://urlhaus.abuse.ch/url/2563602/","lrz_urlhaus"
"2563601","2023-03-09 00:34:20","http://123.4.89.227:57779/Mozi.m","online","None","malware_download","elf,Mozi","https://urlhaus.abuse.ch/url/2563601/","lrz_urlhaus"
"2563600","2023-03-09 00:34:15","http://117.248.48.26:59102/Mozi.m","online","None","malware_download","elf,Mozi","https://urlhaus.abuse.ch/url/2563600/","lrz_urlhaus"
"2563599","2023-03-09 00:26:14","http://123.235.220.97:37326/bin.sh","online","None","malware_download","32-bit,elf,mips,Mozi","https://urlhaus.abuse.ch/url/2563599/","geenensp"
"2563598","2023-03-09 00:24:13","http://119.163.162.185:51384/bin.sh","online","None","malware_download","32-bit,elf,mips,Mozi","https://urlhaus.abuse.ch/url/2563598/","geenensp"
"2563597","2023-03-09 00:23:30","http://42.233.76.186:40964/bin.sh","offline","2023-03-09 01:XX:XX","malware_download","32-bit,elf,mips,Mozi","https://urlhaus.abuse.ch/url/2563597/","geenensp"
"2563596","2023-03-09 00:21:13","http://123.14.248.153:40916/bin.sh","online","None","malware_download","32-bit,arm,elf,mirai,Mozi","https://urlhaus.abuse.ch/url/2563596/","geenensp"
"2563595","2023-03-09 00:20:28","http://222.243.32.68:48206/Mozi.m","online","None","malware_download","elf,Mozi","https://urlhaus.abuse.ch/url/2563595/","lrz_urlhaus"
"2563594","2023-03-09 00:19:40","http://112.238.6.202:53255/Mozi.m","offline","None","malware_download","elf,Mozi","https://urlhaus.abuse.ch/url/2563594/","lrz_urlhaus"
"2563593","2023-03-09 00:19:22","http://163.182.230.22:32791/Mozi.m","online","None","malware_download","elf,Mozi","https://urlhaus.abuse.ch/url/2563593/","lrz_urlhaus"
"2563592","2023-03-09 00:16:42","http://124.129.165.90:57469/bin.sh","offline","None","malware_download","32-bit,elf,mips,Mozi","https://urlhaus.abuse.ch/url/2563592/","geenensp"
"2563589","2023-03-09 00:06:25","http://61.3.102.43:58351/Mozi.m","online","None","malware_download","elf,Mozi","https://urlhaus.abuse.ch/url/2563589/","lrz_urlhaus"
"2563590","2023-03-09 00:06:25","http://61.3.80.212:51588/Mozi.m","online","None","malware_download","elf,Mozi","https://urlhaus.abuse.ch/url/2563590/","lrz_urlhaus"
"2563591","2023-03-09 00:06:25","http://59.93.29.153:37476/Mozi.m","online","None","malware_download","elf,Mozi","https://urlhaus.abuse.ch/url/2563591/","lrz_urlhaus"
"2563588","2023-03-09 00:06:23","http://42.239.224.149:33103/Mozi.m","online","None","malware_download","elf,Mozi","https://urlhaus.abuse.ch/url/2563588/","lrz_urlhaus"
"2563586","2023-03-09 00:05:30","http://182.121.169.8:48052/Mozi.m","online","None","malware_download","elf,Mozi","https://urlhaus.abuse.ch/url/2563586/","lrz_urlhaus"
"2563587","2023-03-09 00:05:30","http://136.175.70.111:57783/Mozi.m","online","None","malware_download","elf,Mozi","https://urlhaus.abuse.ch/url/2563587/","lrz_urlhaus"
"2563585","2023-03-09 00:05:24","http://182.117.54.200:35740/bin.sh","online","None","malware_download","32-bit,elf,mips,Mozi","https://urlhaus.abuse.ch/url/2563585/","geenensp"
"2563584","2023-03-09 00:05:23","http://37.29.92.173:59647/Mozi.m","online","None","malware_download","elf,mirai,Mozi","https://urlhaus.abuse.ch/url/2563584/","lrz_urlhaus"
"2563581","2023-03-09 00:04:41","http://101.0.42.231:37642/Mozi.m","offline","None","malware_download","Mozi","https://urlhaus.abuse.ch/url/2563581/","Gandylyan1"
"2563582","2023-03-09 00:04:41","http://180.188.241.30:37994/Mozi.m","offline","None","malware_download","Mozi","https://urlhaus.abuse.ch/url/2563582/","Gandylyan1"
"2563583","2023-03-09 00:04:41","http://101.0.42.50:38477/Mozi.m","offline","None","malware_download","Mozi","https://urlhaus.abuse.ch/url/2563583/","Gandylyan1"
"2563580","2023-03-09 00:04:40","http://223.130.28.215:39626/Mozi.m","offline","None","malware_download","Mozi","https://urlhaus.abuse.ch/url/2563580/","Gandylyan1"
"2563577","2023-03-09 00:04:34","http://203.115.85.103:39596/Mozi.m","offline","None","malware_download","Mozi","https://urlhaus.abuse.ch/url/2563577/","Gandylyan1"
"2563578","2023-03-09 00:04:34","http://116.68.110.130:60410/Mozi.m","offline","None","malware_download","Mozi","https://urlhaus.abuse.ch/url/2563578/","Gandylyan1"
"2563579","2023-03-09 00:04:34","http://223.130.29.133:56076/Mozi.m","offline","None","malware_download","Mozi","https://urlhaus.abuse.ch/url/2563579/","Gandylyan1"
"2563576","2023-03-09 00:04:28","http://117.196.63.91:40106/Mozi.m","online","None","malware_download","elf,Mozi","https://urlhaus.abuse.ch/url/2563576/","lrz_urlhaus"
"2563575","2023-03-09 00:04:22","http://39.74.32.112:54091/i","online","None","malware_download","32-bit,elf,mips,Mozi","https://urlhaus.abuse.ch/url/2563575/","geenensp"
"2563571","2023-03-09 00:04:13","http://117.211.36.38:43370/Mozi.m","online","None","malware_download","Mozi","https://urlhaus.abuse.ch/url/2563571/","Gandylyan1"
"2563572","2023-03-09 00:04:13","http://117.216.3.80:56015/Mozi.m","online","None","malware_download","Mozi","https://urlhaus.abuse.ch/url/2563572/","Gandylyan1"
"2563573","2023-03-09 00:04:13","http://117.253.96.17:45090/Mozi.m","online","None","malware_download","Mozi","https://urlhaus.abuse.ch/url/2563573/","Gandylyan1"
"2563574","2023-03-09 00:04:13","http://117.216.16.20:60742/Mozi.m","online","None","malware_download","Mozi","https://urlhaus.abuse.ch/url/2563574/","Gandylyan1"
"2563569","2023-03-09 00:04:12","http://117.210.185.41:46788/Mozi.m","offline","None","malware_download","Mozi","https://urlhaus.abuse.ch/url/2563569/","Gandylyan1"
"2563570","2023-03-09 00:04:12","http://163.179.232.224:60815/Mozi.m","online","None","malware_download","mirai,Mozi","https://urlhaus.abuse.ch/url/2563570/","Gandylyan1"
"2563567","2023-03-09 00:04:11","http://117.217.232.63:47930/Mozi.m","offline","None","malware_download","Mozi","https://urlhaus.abuse.ch/url/2563567/","Gandylyan1"
"2563568","2023-03-09 00:04:11","http://117.255.191.113:53992/Mozi.m","offline","None","malware_download","Mozi","https://urlhaus.abuse.ch/url/2563568/","Gandylyan1"
"2563565","2023-03-09 00:04:07","http://117.248.68.63:35327/Mozi.m","online","None","malware_download","Mozi","https://urlhaus.abuse.ch/url/2563565/","Gandylyan1"
"2563566","2023-03-09 00:04:07","http://59.94.205.248:58542/Mozi.m","online","None","malware_download","Mozi","https://urlhaus.abuse.ch/url/2563566/","Gandylyan1"
"2563564","2023-03-09 00:04:04","http://177.53.198.180:51780/Mozi.m","offline","None","malware_download","Mozi","https://urlhaus.abuse.ch/url/2563564/","Gandylyan1"
"2563563","2023-03-09 00:03:39","http://102.33.32.54:47884/Mozi.m","offline","None","malware_download","Mozi","https://urlhaus.abuse.ch/url/2563563/","Gandylyan1"
"2563562","2023-03-09 00:03:06","http://117.248.51.105:53846/Mozi.m","online","None","malware_download","Mozi","https://urlhaus.abuse.ch/url/2563562/","Gandylyan1"
"2563561","2023-03-09 00:01:41","https://4c44f.stuff.libertydentalcourse.ca/subscribeEvent","offline","None","malware_download","SocGholish","https://urlhaus.abuse.ch/url/2563561/","Cryptolaemus1"
"2563560","2023-03-09 00:01:20","http://88.247.182.142:56013/i","online","None","malware_download","32-bit,elf,mips,Mozi","https://urlhaus.abuse.ch/url/2563560/","geenensp"
"2563559","2023-03-08 23:59:19","http://117.219.113.81:45370/i","online","None","malware_download","32-bit,elf,mips,Mozi","https://urlhaus.abuse.ch/url/2563559/","geenensp"
"2563558","2023-03-08 23:56:39","http://114.134.24.205:48651/mozi.m","offline","None","malware_download","None","https://urlhaus.abuse.ch/url/2563558/","tammeto"
"2563557","2023-03-08 23:55:02","http://125.44.39.71:58536/i","offline","2023-03-09 00:XX:XX","malware_download",",32-bit,elf,mips","https://urlhaus.abuse.ch/url/2563557/","geenensp"
"2563556","2023-03-08 23:49:33","http://182.116.36.17:35536/Mozi.m","online","None","malware_download","elf,Mozi","https://urlhaus.abuse.ch/url/2563556/","lrz_urlhaus"
"2563555","2023-03-08 23:49:20","http://103.66.74.184:56056/Mozi.m","online","None","malware_download","elf,mirai,Mozi","https://urlhaus.abuse.ch/url/2563555/","lrz_urlhaus"
"2563553","2023-03-08 23:49:19","http://163.179.232.150:40684/Mozi.m","online","None","malware_download","elf,mirai,Mozi","https://urlhaus.abuse.ch/url/2563553/","lrz_urlhaus"
"2563554","2023-03-08 23:49:19","http://117.196.64.200:43380/Mozi.a","online","None","malware_download","elf,mirai,Mozi","https://urlhaus.abuse.ch/url/2563554/","lrz_urlhaus"
"2563552","2023-03-08 23:49:10","http://219.157.26.132:33508/mozi.m","online","None","malware_download","Mozi","https://urlhaus.abuse.ch/url/2563552/","tammeto"
"2563551","2023-03-08 23:41:06","http://125.41.9.210:46760/i","online","None","malware_download","32-bit,elf,mips,Mozi","https://urlhaus.abuse.ch/url/2563551/","geenensp"
"2563550","2023-03-08 23:36:39","http://39.74.32.112:54091/bin.sh","online","None","malware_download","32-bit,elf,mips,Mozi","https://urlhaus.abuse.ch/url/2563550/","geenensp"
"2563549","2023-03-08 23:36:29","http://59.89.226.144:33559/Mozi.m","online","None","malware_download","elf,mirai,Mozi","https://urlhaus.abuse.ch/url/2563549/","lrz_urlhaus"
"2563548","2023-03-08 23:34:38","http://88.247.182.142:56013/bin.sh","online","None","malware_download","32-bit,elf,mips,Mozi","https://urlhaus.abuse.ch/url/2563548/","geenensp"
"2563547","2023-03-08 23:34:22","http://117.196.65.198:56322/Mozi.m","online","None","malware_download","elf,Mozi","https://urlhaus.abuse.ch/url/2563547/","lrz_urlhaus"
"2563546","2023-03-08 23:34:17","http://103.66.74.184:56056/Mozi.a","online","None","malware_download","elf,mirai,Mozi","https://urlhaus.abuse.ch/url/2563546/","lrz_urlhaus"
"2563545","2023-03-08 23:33:15","http://61.75.168.199:56036/.i","online","None","malware_download","hajime","https://urlhaus.abuse.ch/url/2563545/","geenensp"
"2563544","2023-03-08 23:30:15","http://117.255.65.169:34175/mozi.m","offline","None","malware_download","None","https://urlhaus.abuse.ch/url/2563544/","tammeto"
"2563543","2023-03-08 23:26:39","http://125.44.39.71:58536/bin.sh","online","None","malware_download",",32-bit,elf,mips","https://urlhaus.abuse.ch/url/2563543/","geenensp"
"2563542","2023-03-08 23:24:27","http://125.47.202.64:58216/i","online","None","malware_download","32-bit,elf,mips,Mozi","https://urlhaus.abuse.ch/url/2563542/","geenensp"
"2563541","2023-03-08 23:23:40","http://219.157.251.14:39135/i","offline","None","malware_download","32-bit,arm,elf,Mozi","https://urlhaus.abuse.ch/url/2563541/","geenensp"
"2563539","2023-03-08 23:20:35","http://182.119.229.239:56810/Mozi.m","online","None","malware_download","elf,mirai,Mozi","https://urlhaus.abuse.ch/url/2563539/","lrz_urlhaus"
"2563540","2023-03-08 23:20:35","http://182.240.9.182:43640/Mozi.m","offline","None","malware_download","elf,Mozi","https://urlhaus.abuse.ch/url/2563540/","lrz_urlhaus"
"2563538","2023-03-08 23:19:12","http://113.25.235.148:46497/.i","online","None","malware_download","hajime","https://urlhaus.abuse.ch/url/2563538/","geenensp"
"2563537","2023-03-08 23:19:10","http://163.179.168.48:39635/Mozi.m","online","None","malware_download","elf,mirai,Mozi","https://urlhaus.abuse.ch/url/2563537/","lrz_urlhaus"
"2563536","2023-03-08 23:13:15","http://123.133.213.186:33534/i","offline","2023-03-09 00:XX:XX","malware_download","32-bit,elf,mips,Mozi","https://urlhaus.abuse.ch/url/2563536/","geenensp"
"2563535","2023-03-08 23:12:10","http://221.14.161.141:44660/i","online","None","malware_download",",32-bit,elf,mips","https://urlhaus.abuse.ch/url/2563535/","geenensp"
"2563534","2023-03-08 23:05:23","http://222.141.130.91:54654/Mozi.m","online","None","malware_download","elf,Mozi","https://urlhaus.abuse.ch/url/2563534/","lrz_urlhaus"
"2563533","2023-03-08 23:04:39","http://123.10.19.151:60639/Mozi.m","offline","None","malware_download","elf,Mozi","https://urlhaus.abuse.ch/url/2563533/","lrz_urlhaus"
"2563532","2023-03-08 23:04:28","http://117.204.142.252:33427/Mozi.m","offline","2023-03-09 01:XX:XX","malware_download","elf,mirai,Mozi","https://urlhaus.abuse.ch/url/2563532/","lrz_urlhaus"
"2563531","2023-03-08 23:04:17","http://117.221.191.8:41989/Mozi.m","online","None","malware_download","elf,Mozi","https://urlhaus.abuse.ch/url/2563531/","lrz_urlhaus"
"2563530","2023-03-08 23:02:24","http://117.255.184.136:48294/i","online","None","malware_download","32-bit,elf,mips,Mozi","https://urlhaus.abuse.ch/url/2563530/","geenensp"
"2563529","2023-03-08 23:01:14","http://125.45.56.58:39727/i","offline","2023-03-09 00:XX:XX","malware_download","32-bit,elf,mips,Mozi","https://urlhaus.abuse.ch/url/2563529/","geenensp"
"2563528","2023-03-08 22:56:12","http://61.52.213.239:58473/bin.sh","offline","2023-03-09 00:XX:XX","malware_download","32-bit,elf,mips,Mozi","https://urlhaus.abuse.ch/url/2563528/","geenensp"
"2563527","2023-03-08 22:55:35","http://1.70.137.126:43224/bin.sh","offline","None","malware_download","32-bit,arm,elf,Mozi","https://urlhaus.abuse.ch/url/2563527/","geenensp"
"2563526","2023-03-08 22:55:25","http://221.14.161.141:44660/bin.sh","offline","2023-03-09 01:XX:XX","malware_download",",32-bit,elf,mips","https://urlhaus.abuse.ch/url/2563526/","geenensp"
"2563524","2023-03-08 22:55:19","http://117.253.101.186:55825/i","offline","2023-03-09 00:XX:XX","malware_download","32-bit,elf,mips,Mozi","https://urlhaus.abuse.ch/url/2563524/","geenensp"
"2563525","2023-03-08 22:55:19","http://182.112.242.62:47815/i","online","None","malware_download","32-bit,elf,mips,Mozi","https://urlhaus.abuse.ch/url/2563525/","geenensp"
"2563523","2023-03-08 22:51:43","http://222.188.243.165:36681/Mozi.m","online","None","malware_download","elf,Mozi","https://urlhaus.abuse.ch/url/2563523/","lrz_urlhaus"
"2563522","2023-03-08 22:51:26","http://61.1.227.16:34565/Mozi.m","online","None","malware_download","elf,Mozi","https://urlhaus.abuse.ch/url/2563522/","lrz_urlhaus"
"2563521","2023-03-08 22:50:35","http://221.15.6.224:33874/Mozi.m","online","None","malware_download","elf,Mozi","https://urlhaus.abuse.ch/url/2563521/","lrz_urlhaus"
"2563520","2023-03-08 22:50:28","http://175.10.214.68:59770/Mozi.m","online","None","malware_download","elf,Mozi","https://urlhaus.abuse.ch/url/2563520/","lrz_urlhaus"
"2563519","2023-03-08 22:50:27","http://163.182.230.49:46303/Mozi.m","online","None","malware_download","elf,Mozi","https://urlhaus.abuse.ch/url/2563519/","lrz_urlhaus"
"2563518","2023-03-08 22:49:14","http://117.255.181.11:52002/Mozi.m","online","None","malware_download","elf,mirai,Mozi","https://urlhaus.abuse.ch/url/2563518/","lrz_urlhaus"
"2563517","2023-03-08 22:49:06","http://117.221.180.183:55332/Mozi.m","online","None","malware_download","elf,Mozi","https://urlhaus.abuse.ch/url/2563517/","lrz_urlhaus"
"2563516","2023-03-08 22:47:22","http://182.122.223.74:41590/i","online","None","malware_download","32-bit,elf,mips,Mozi","https://urlhaus.abuse.ch/url/2563516/","geenensp"
"2563515","2023-03-08 22:40:28","http://61.53.138.187:51158/i","online","None","malware_download","32-bit,elf,mips,Mozi","https://urlhaus.abuse.ch/url/2563515/","geenensp"
"2563514","2023-03-08 22:38:18","http://99.120.22.125:43211/i","online","None","malware_download","32-bit,arm,elf,mirai,Mozi","https://urlhaus.abuse.ch/url/2563514/","geenensp"
"2563513","2023-03-08 22:36:21","http://59.88.232.94:41992/Mozi.m","online","None","malware_download","elf,Mozi","https://urlhaus.abuse.ch/url/2563513/","lrz_urlhaus"
"2563512","2023-03-08 22:36:14","http://59.99.139.65:49011/Mozi.m","online","None","malware_download","elf,Mozi","https://urlhaus.abuse.ch/url/2563512/","lrz_urlhaus"
"2563511","2023-03-08 22:35:34","http://41.251.213.242:35679/Mozi.m","offline","2023-03-08 23:XX:XX","malware_download","elf,Mozi","https://urlhaus.abuse.ch/url/2563511/","lrz_urlhaus"
"2563509","2023-03-08 22:35:30","http://182.112.242.62:47815/Mozi.m","offline","2023-03-09 00:XX:XX","malware_download","elf,Mozi","https://urlhaus.abuse.ch/url/2563509/","lrz_urlhaus"
"2563510","2023-03-08 22:35:30","http://42.227.203.69:39822/Mozi.m","online","None","malware_download","elf,Mozi","https://urlhaus.abuse.ch/url/2563510/","lrz_urlhaus"
"2563508","2023-03-08 22:35:29","http://182.126.115.183:41658/Mozi.m","offline","2023-03-08 23:XX:XX","malware_download","elf,Mozi","https://urlhaus.abuse.ch/url/2563508/","lrz_urlhaus"
"2563507","2023-03-08 22:34:39","http://112.238.87.186:40775/Mozi.m","offline","None","malware_download","elf,Mozi","https://urlhaus.abuse.ch/url/2563507/","lrz_urlhaus"
"2563506","2023-03-08 22:34:22","http://117.219.126.142:35129/Mozi.m","online","None","malware_download","elf,Mozi","https://urlhaus.abuse.ch/url/2563506/","lrz_urlhaus"
"2563505","2023-03-08 22:34:21","http://163.179.232.89:41794/Mozi.m","online","None","malware_download","elf,mirai,Mozi","https://urlhaus.abuse.ch/url/2563505/","lrz_urlhaus"
"2563504","2023-03-08 22:34:14","http://117.248.63.242:45858/Mozi.m","online","None","malware_download","elf,Mozi","https://urlhaus.abuse.ch/url/2563504/","lrz_urlhaus"
"2563503","2023-03-08 22:31:17","http://61.52.198.99:46271/i","online","None","malware_download","32-bit,elf,mips,Mozi","https://urlhaus.abuse.ch/url/2563503/","geenensp"
"2563502","2023-03-08 22:26:14","http://182.118.137.241:46121/i","online","None","malware_download","32-bit,elf,mips,Mozi","https://urlhaus.abuse.ch/url/2563502/","geenensp"
"2563501","2023-03-08 22:26:13","http://163.182.243.171:36616/i","online","None","malware_download","32-bit,elf,mips,Mozi","https://urlhaus.abuse.ch/url/2563501/","geenensp"
"2563500","2023-03-08 22:21:34","http://27.45.92.218:42503/Mozi.m","offline","None","malware_download","elf,Mozi","https://urlhaus.abuse.ch/url/2563500/","lrz_urlhaus"
"2563499","2023-03-08 22:20:23","http://125.44.28.170:51881/Mozi.m","offline","2023-03-09 00:XX:XX","malware_download","elf,Mozi","https://urlhaus.abuse.ch/url/2563499/","lrz_urlhaus"
"2563498","2023-03-08 22:19:28","http://115.49.1.193:38906/Mozi.m","online","None","malware_download","elf,Mozi","https://urlhaus.abuse.ch/url/2563498/","lrz_urlhaus"
"2563497","2023-03-08 22:19:22","http://117.253.101.186:55825/Mozi.m","offline","2023-03-08 23:XX:XX","malware_download","elf,Mozi","https://urlhaus.abuse.ch/url/2563497/","lrz_urlhaus"
"2563496","2023-03-08 22:17:23","http://112.245.255.167:52992/i","offline","2023-03-08 23:XX:XX","malware_download","32-bit,elf,mips,Mozi","https://urlhaus.abuse.ch/url/2563496/","geenensp"
"2563495","2023-03-08 22:15:20","http://112.245.255.167:52992/bin.sh","online","None","malware_download","32-bit,elf,mips,Mozi","https://urlhaus.abuse.ch/url/2563495/","geenensp"
"2563494","2023-03-08 22:13:22","http://117.253.101.186:55825/bin.sh","offline","2023-03-09 00:XX:XX","malware_download","32-bit,elf,mips,Mozi","https://urlhaus.abuse.ch/url/2563494/","geenensp"
"2563493","2023-03-08 22:13:16","http://117.255.178.209:34906/i","online","None","malware_download","32-bit,elf,mips,Mozi","https://urlhaus.abuse.ch/url/2563493/","geenensp"
"2563492","2023-03-08 22:12:28","http://123.133.213.186:33534/bin.sh","offline","2023-03-09 01:XX:XX","malware_download","32-bit,elf,mips,Mozi","https://urlhaus.abuse.ch/url/2563492/","geenensp"
"2563491","2023-03-08 22:08:13","http://121.226.239.34:5945/.i","online","None","malware_download","hajime","https://urlhaus.abuse.ch/url/2563491/","geenensp"
"2563490","2023-03-08 22:07:25","http://61.53.85.194:53580/Mozi.m","offline","2023-03-08 23:XX:XX","malware_download","elf,Mozi","https://urlhaus.abuse.ch/url/2563490/","lrz_urlhaus"
"2563489","2023-03-08 22:07:21","http://59.89.213.79:43726/Mozi.m","offline","2023-03-09 00:XX:XX","malware_download","elf,Mozi","https://urlhaus.abuse.ch/url/2563489/","lrz_urlhaus"
"2563488","2023-03-08 22:07:19","http://117.222.161.140:38520/bin.sh","online","None","malware_download","32-bit,elf,mips,Mozi","https://urlhaus.abuse.ch/url/2563488/","geenensp"
"2563487","2023-03-08 22:06:27","http://182.121.18.140:43548/Mozi.m","offline","2023-03-08 23:XX:XX","malware_download","elf,Mozi","https://urlhaus.abuse.ch/url/2563487/","lrz_urlhaus"
"2563486","2023-03-08 22:05:28","http://175.162.203.63:40798/Mozi.m","offline","2023-03-08 23:XX:XX","malware_download","elf,mirai,Mozi","https://urlhaus.abuse.ch/url/2563486/","lrz_urlhaus"
"2563485","2023-03-08 22:03:13","http://222.142.221.248:51568/i","offline","2023-03-08 22:XX:XX","malware_download","32-bit,elf,mips,Mozi","https://urlhaus.abuse.ch/url/2563485/","geenensp"
"2563484","2023-03-08 21:55:07","https://rollodoors.com/sdvaner22.prm","offline","None","malware_download","7ffafcc236a0e41da928b164908364fa,Richiesta_di_preventivo_070323.vbs","https://urlhaus.abuse.ch/url/2563484/","c_APT_ure"
"2563483","2023-03-08 21:54:27","http://27.217.53.150:49852/i","offline","2023-03-09 00:XX:XX","malware_download",",32-bit,elf,mips","https://urlhaus.abuse.ch/url/2563483/","geenensp"
"2563482","2023-03-08 21:52:20","http://117.252.163.196:41751/i","offline","2023-03-08 23:XX:XX","malware_download","32-bit,elf,mips,Mozi","https://urlhaus.abuse.ch/url/2563482/","geenensp"
"2563481","2023-03-08 21:51:20","http://37.12.90.177:38362/Mozi.m","offline","2023-03-09 01:XX:XX","malware_download","elf,mirai,Mozi","https://urlhaus.abuse.ch/url/2563481/","lrz_urlhaus"
"2563480","2023-03-08 21:50:19","http://125.44.11.232:56924/Mozi.m","online","None","malware_download","elf,Mozi","https://urlhaus.abuse.ch/url/2563480/","lrz_urlhaus"
"2563479","2023-03-08 21:47:33","http://1.70.160.42:42518/bin.sh","offline","None","malware_download","32-bit,arm,elf,Mozi","https://urlhaus.abuse.ch/url/2563479/","geenensp"
"2563478","2023-03-08 21:47:29","http://117.195.86.233:46553/i","online","None","malware_download","32-bit,elf,mips,Mozi","https://urlhaus.abuse.ch/url/2563478/","geenensp"
"2563477","2023-03-08 21:47:21","http://182.114.12.156:49665/i","offline","2023-03-09 00:XX:XX","malware_download","32-bit,elf,mips,Mozi","https://urlhaus.abuse.ch/url/2563477/","geenensp"
"2563476","2023-03-08 21:44:16","http://112.248.154.217:40865/i","online","None","malware_download","32-bit,elf,mips,Mozi","https://urlhaus.abuse.ch/url/2563476/","geenensp"
"2563475","2023-03-08 21:41:12","http://182.118.137.241:46121/bin.sh","offline","2023-03-09 00:XX:XX","malware_download","32-bit,elf,mips,Mozi","https://urlhaus.abuse.ch/url/2563475/","geenensp"
"2563474","2023-03-08 21:38:25","http://59.88.234.205:56935/bin.sh","online","None","malware_download",",32-bit,elf,mips","https://urlhaus.abuse.ch/url/2563474/","geenensp"
"2563473","2023-03-08 21:38:17","http://115.58.85.197:58341/i","offline","2023-03-08 23:XX:XX","malware_download","32-bit,elf,mips,Mozi","https://urlhaus.abuse.ch/url/2563473/","geenensp"
"2563472","2023-03-08 21:37:40","http://113.118.118.208:36153/mozi.m","offline","None","malware_download","None","https://urlhaus.abuse.ch/url/2563472/","tammeto"
"2563471","2023-03-08 21:37:13","http://113.26.155.88:24831/.i","online","None","malware_download","hajime","https://urlhaus.abuse.ch/url/2563471/","geenensp"
"2563470","2023-03-08 21:36:39","http://61.52.77.242:48712/Mozi.m","offline","2023-03-09 00:XX:XX","malware_download","elf,Mozi","https://urlhaus.abuse.ch/url/2563470/","lrz_urlhaus"
"2563469","2023-03-08 21:36:38","http://211.92.119.190:45672/Mozi.m","offline","2023-03-09 00:XX:XX","malware_download","elf,mirai,Mozi","https://urlhaus.abuse.ch/url/2563469/","lrz_urlhaus"
"2563468","2023-03-08 21:36:33","http://113.77.38.95:59363/i","offline","2023-03-09 01:XX:XX","malware_download",",32-bit,elf,mips","https://urlhaus.abuse.ch/url/2563468/","geenensp"
"2563467","2023-03-08 21:35:41","http://182.119.188.136:47606/Mozi.m","offline","None","malware_download","elf,Mozi","https://urlhaus.abuse.ch/url/2563467/","lrz_urlhaus"
"2563466","2023-03-08 21:35:07","http://42.231.187.235:37652/i","offline","2023-03-08 23:XX:XX","malware_download","32-bit,elf,mips,Mozi","https://urlhaus.abuse.ch/url/2563466/","geenensp"
"2563465","2023-03-08 21:33:23","http://123.172.82.27:39452/i","offline","2023-03-08 23:XX:XX","malware_download","32-bit,arm,elf,mirai,Mozi","https://urlhaus.abuse.ch/url/2563465/","geenensp"
"2563464","2023-03-08 21:28:40","http://27.38.122.38:34159/i","offline","2023-03-09 01:XX:XX","malware_download","32-bit,elf,mips,mirai,Mozi","https://urlhaus.abuse.ch/url/2563464/","geenensp"
"2563463","2023-03-08 21:25:20","http://115.56.173.235:37912/i","offline","2023-03-08 23:XX:XX","malware_download","32-bit,elf,mips,Mozi","https://urlhaus.abuse.ch/url/2563463/","geenensp"
"2563462","2023-03-08 21:21:34","http://112.247.81.88:41927/i","offline","None","malware_download","32-bit,elf,mips,Mozi","https://urlhaus.abuse.ch/url/2563462/","geenensp"
"2563461","2023-03-08 21:20:41","http://112.248.154.217:40865/bin.sh","offline","None","malware_download","32-bit,elf,mips,Mozi","https://urlhaus.abuse.ch/url/2563461/","geenensp"
"2563459","2023-03-08 21:20:30","http://123.10.60.235:58783/Mozi.m","offline","2023-03-09 00:XX:XX","malware_download","elf,Mozi","https://urlhaus.abuse.ch/url/2563459/","lrz_urlhaus"
"2563460","2023-03-08 21:20:30","http://42.228.251.41:58205/Mozi.m","offline","2023-03-09 00:XX:XX","malware_download","elf,Mozi","https://urlhaus.abuse.ch/url/2563460/","lrz_urlhaus"
"2563458","2023-03-08 21:20:26","http://175.0.237.242:59777/Mozi.a","offline","2023-03-09 00:XX:XX","malware_download","elf,mirai,Mozi","https://urlhaus.abuse.ch/url/2563458/","lrz_urlhaus"
"2563457","2023-03-08 21:19:23","http://182.114.12.156:49665/bin.sh","offline","2023-03-08 22:XX:XX","malware_download","32-bit,elf,mips,Mozi","https://urlhaus.abuse.ch/url/2563457/","geenensp"
"2563456","2023-03-08 21:19:18","http://117.217.155.11:46227/Mozi.m","online","None","malware_download","elf,Mozi","https://urlhaus.abuse.ch/url/2563456/","lrz_urlhaus"
"2563455","2023-03-08 21:16:31","http://117.255.178.209:34906/bin.sh","online","None","malware_download","32-bit,elf,mips,Mozi","https://urlhaus.abuse.ch/url/2563455/","geenensp"
"2563454","2023-03-08 21:13:12","https://miyyf.world/java/centos/33940/10032b.exe","online","None","malware_download","Amadey,dropped-by-PrivateLoader,RedLine","https://urlhaus.abuse.ch/url/2563454/","andretavare5"
"2563453","2023-03-08 21:09:16","http://107.174.45.14/570/vbc.exe","offline","2023-03-08 21:XX:XX","malware_download","exe,Loki,opendir","https://urlhaus.abuse.ch/url/2563453/","abuse_ch"
"2563452","2023-03-08 21:09:15","http://45.166.117.12:58368/i","online","None","malware_download","32-bit,arm,elf,mirai,Mozi","https://urlhaus.abuse.ch/url/2563452/","geenensp"
"2563451","2023-03-08 21:09:12","http://103.167.84.121/590/vbc.exe","offline","2023-03-08 23:XX:XX","malware_download","exe,Loki,opendir","https://urlhaus.abuse.ch/url/2563451/","abuse_ch"
"2563449","2023-03-08 21:09:06","http://192.3.101.160/708/vbc.exe","online","None","malware_download","AgentTesla,exe,opendir","https://urlhaus.abuse.ch/url/2563449/","abuse_ch"
"2563450","2023-03-08 21:09:06","http://23.94.99.117/3591/vbc.exe","online","None","malware_download","exe,opendir,rat,RemcosRAT","https://urlhaus.abuse.ch/url/2563450/","abuse_ch"
"2563448","2023-03-08 21:09:05","http://192.3.101.160/709/vbc.exe","online","None","malware_download","AgentTesla,exe,opendir","https://urlhaus.abuse.ch/url/2563448/","abuse_ch"
"2563447","2023-03-08 21:08:13","http://103.167.92.45/kung/GG18.exe","offline","2023-03-09 01:XX:XX","malware_download","exe,Loki,opendir","https://urlhaus.abuse.ch/url/2563447/","abuse_ch"
"2563446","2023-03-08 21:06:13","http://somel.duckdns.org/xawn/610.txt","online","None","malware_download","None","https://urlhaus.abuse.ch/url/2563446/","abuse_ch"
"2563445","2023-03-08 21:06:12","http://kimikonadia.duckdns.org/lzba/nadiia.hta","offline","None","malware_download","None","https://urlhaus.abuse.ch/url/2563445/","abuse_ch"
"2563443","2023-03-08 21:06:08","http://kimikonadia.duckdns.org/lzba/Protected.exe","offline","None","malware_download","None","https://urlhaus.abuse.ch/url/2563443/","abuse_ch"
"2563444","2023-03-08 21:06:08","http://hosting2022private.duckdns.org/knpx/2.dat","offline","None","malware_download","None","https://urlhaus.abuse.ch/url/2563444/","abuse_ch"
"2563441","2023-03-08 21:06:03","http://privatesecured.duckdns.org/ciyv/svhosts.bat","offline","None","malware_download","None","https://urlhaus.abuse.ch/url/2563441/","abuse_ch"
"2563442","2023-03-08 21:06:03","http://179.43.175.187/rakb/1.dat","offline","None","malware_download","None","https://urlhaus.abuse.ch/url/2563442/","abuse_ch"
"2563440","2023-03-08 21:06:02","http://179.43.175.187/ksjy/SkillzBoss77.hta","offline","None","malware_download","None","https://urlhaus.abuse.ch/url/2563440/","abuse_ch"
"2563439","2023-03-08 21:05:41","http://125.44.9.148:49388/Mozi.m","offline","2023-03-09 00:XX:XX","malware_download","elf,Mozi","https://urlhaus.abuse.ch/url/2563439/","lrz_urlhaus"
"2563438","2023-03-08 21:05:19","http://117.223.94.132:45664/Mozi.m","online","None","malware_download","elf,Mozi","https://urlhaus.abuse.ch/url/2563438/","lrz_urlhaus"
"2563436","2023-03-08 21:04:40","http://112.242.95.201:42959/Mozi.m","offline","None","malware_download","elf,Mozi","https://urlhaus.abuse.ch/url/2563436/","lrz_urlhaus"
"2563437","2023-03-08 21:04:40","http://112.248.102.163:50015/Mozi.m","offline","2023-03-08 23:XX:XX","malware_download","elf,Mozi","https://urlhaus.abuse.ch/url/2563437/","lrz_urlhaus"
"2563435","2023-03-08 21:04:34","http://115.61.107.114:33026/Mozi.m","offline","2023-03-09 01:XX:XX","malware_download","elf,Mozi","https://urlhaus.abuse.ch/url/2563435/","lrz_urlhaus"
"2563434","2023-03-08 21:03:40","http://219.155.104.189:43734/Mozi.m","offline","None","malware_download","Mozi","https://urlhaus.abuse.ch/url/2563434/","Gandylyan1"
"2563433","2023-03-08 21:03:39","http://111.92.22.69:35131/Mozi.m","offline","None","malware_download","Mozi","https://urlhaus.abuse.ch/url/2563433/","Gandylyan1"
"2563432","2023-03-08 21:03:33","http://112.248.83.21:52028/Mozi.m","offline","None","malware_download","Mozi","https://urlhaus.abuse.ch/url/2563432/","Gandylyan1"
"2563431","2023-03-08 21:03:05","http://61.53.48.11:35871/Mozi.m","offline","2023-03-08 23:XX:XX","malware_download","Mozi","https://urlhaus.abuse.ch/url/2563431/","Gandylyan1"
"2563430","2023-03-08 21:02:26","http://221.232.241.100:37998/i","offline","2023-03-08 23:XX:XX","malware_download","32-bit,arm,elf,mirai,Mozi","https://urlhaus.abuse.ch/url/2563430/","geenensp"
"2563429","2023-03-08 21:02:25","http://115.56.173.235:37912/bin.sh","offline","2023-03-08 21:XX:XX","malware_download","32-bit,elf,mips,Mozi","https://urlhaus.abuse.ch/url/2563429/","geenensp"
"2563428","2023-03-08 20:58:06","http://77.91.78.17/DefendUpdate.exe","online","None","malware_download","exe","https://urlhaus.abuse.ch/url/2563428/","abuse_ch"
"2563427","2023-03-08 20:58:04","http://179.43.175.187/ksjy/FUND.exe","offline","None","malware_download","exe","https://urlhaus.abuse.ch/url/2563427/","abuse_ch"
"2563426","2023-03-08 20:57:19","http://69.57.99.8:40987/i","online","None","malware_download","32-bit,elf,mips,Mozi","https://urlhaus.abuse.ch/url/2563426/","geenensp"
"2563425","2023-03-08 20:57:04","http://77.91.78.17/ChromeFIX_error.exe","online","None","malware_download","exe,RedLineStealer","https://urlhaus.abuse.ch/url/2563425/","abuse_ch"
"2563424","2023-03-08 20:56:34","http://119.184.46.140:42029/i","online","None","malware_download","32-bit,elf,mips,Mozi","https://urlhaus.abuse.ch/url/2563424/","geenensp"
"2563423","2023-03-08 20:56:16","http://115.58.85.197:58341/bin.sh","offline","2023-03-09 00:XX:XX","malware_download","32-bit,elf,mips,Mozi","https://urlhaus.abuse.ch/url/2563423/","geenensp"
"2563422","2023-03-08 20:56:11","http://ji.jjhia6gy89ee.com/m/ss37.exe","online","None","malware_download","exe","https://urlhaus.abuse.ch/url/2563422/","abuse_ch"
"2563421","2023-03-08 20:54:10","http://36.170.50.206/login.exe","offline","None","malware_download","exe","https://urlhaus.abuse.ch/url/2563421/","abuse_ch"
"2563419","2023-03-08 20:54:04","http://167.88.170.23/btc.wallet.exe","offline","None","malware_download","exe","https://urlhaus.abuse.ch/url/2563419/","abuse_ch"
"2563420","2023-03-08 20:54:04","http://167.88.170.23/55551.exe","offline","None","malware_download","exe","https://urlhaus.abuse.ch/url/2563420/","abuse_ch"
"2563418","2023-03-08 20:53:12","http://ji.jjhia6gy89ee.com/m/ss35.exe","online","None","malware_download","exe","https://urlhaus.abuse.ch/url/2563418/","abuse_ch"
"2563417","2023-03-08 20:52:39","http://112.102.86.239:39471/i","offline","2023-03-08 23:XX:XX","malware_download","32-bit,arm,elf,mirai,Mozi","https://urlhaus.abuse.ch/url/2563417/","geenensp"
"2563416","2023-03-08 20:51:22","http://88.250.92.210:39589/Mozi.m","online","None","malware_download","elf,Mozi","https://urlhaus.abuse.ch/url/2563416/","lrz_urlhaus"
"2563415","2023-03-08 20:50:30","http://191.15.171.4:39915/Mozi.m","offline","2023-03-08 23:XX:XX","malware_download","elf,mirai,Mozi","https://urlhaus.abuse.ch/url/2563415/","lrz_urlhaus"
"2563414","2023-03-08 20:50:29","http://27.45.38.130:45412/Mozi.m","online","None","malware_download","elf,mirai,Mozi","https://urlhaus.abuse.ch/url/2563414/","lrz_urlhaus"
"2563413","2023-03-08 20:50:28","http://163.182.243.157:41916/Mozi.m","online","None","malware_download","elf,Mozi","https://urlhaus.abuse.ch/url/2563413/","lrz_urlhaus"
"2563412","2023-03-08 20:49:40","http://123.5.153.92:60602/Mozi.m","offline","2023-03-09 01:XX:XX","malware_download","elf,Mozi","https://urlhaus.abuse.ch/url/2563412/","lrz_urlhaus"
"2563411","2023-03-08 20:49:33","http://115.50.94.141:40659/i","offline","2023-03-09 00:XX:XX","malware_download","32-bit,elf,mips,Mozi","https://urlhaus.abuse.ch/url/2563411/","geenensp"
"2563410","2023-03-08 20:49:29","http://117.219.121.67:51847/Mozi.m","online","None","malware_download","elf,Mozi","https://urlhaus.abuse.ch/url/2563410/","lrz_urlhaus"
"2563406","2023-03-08 20:49:12","http://45.82.71.192/aN7jD0qO6kT5bK5bQ4eR8fE1xP7hL2vK/msvcp140.dll","online","None","malware_download","dll,RecordBreaker","https://urlhaus.abuse.ch/url/2563406/","abuse_ch"
"2563407","2023-03-08 20:49:12","http://45.82.71.192/aN7jD0qO6kT5bK5bQ4eR8fE1xP7hL2vK/softokn3.dll","online","None","malware_download","dll,RecordBreaker","https://urlhaus.abuse.ch/url/2563407/","abuse_ch"
"2563408","2023-03-08 20:49:12","http://45.82.71.192/aN7jD0qO6kT5bK5bQ4eR8fE1xP7hL2vK/freebl3.dll","online","None","malware_download","dll,RecordBreaker","https://urlhaus.abuse.ch/url/2563408/","abuse_ch"
"2563409","2023-03-08 20:49:12","http://45.82.71.192/aN7jD0qO6kT5bK5bQ4eR8fE1xP7hL2vK/nss3.dll","online","None","malware_download","dll,RecordBreaker","https://urlhaus.abuse.ch/url/2563409/","abuse_ch"
"2563403","2023-03-08 20:49:11","http://45.82.71.192/aN7jD0qO6kT5bK5bQ4eR8fE1xP7hL2vK/sqlite3.dll","online","None","malware_download","dll,RecordBreaker","https://urlhaus.abuse.ch/url/2563403/","abuse_ch"
"2563404","2023-03-08 20:49:11","http://45.82.71.192/aN7jD0qO6kT5bK5bQ4eR8fE1xP7hL2vK/mozglue.dll","online","None","malware_download","dll,RecordBreaker","https://urlhaus.abuse.ch/url/2563404/","abuse_ch"
"2563405","2023-03-08 20:49:11","http://45.82.71.192/aN7jD0qO6kT5bK5bQ4eR8fE1xP7hL2vK/vcruntime140.dll","online","None","malware_download","dll,RecordBreaker","https://urlhaus.abuse.ch/url/2563405/","abuse_ch"
"2563402","2023-03-08 20:49:10","https://vk.com/doc10773776_660815668?hash=Zwel1wBis9LM2Yn3c6NC8Nogb60cAgRjyii1x7yfZeH&dl=GEYDONZTG43TM:1678293050:aN8kyCoxoj104ZkA4tofKMnYJ5UPYj3ogXRK3Bz4grH&api=1&no_preview=1#fy10","online","None","malware_download","dropped-by-PrivateLoader,encrypted,RedLine,Rhadamanthys","https://urlhaus.abuse.ch/url/2563402/","andretavare5"
"2563401","2023-03-08 20:48:10","http://159.89.82.158/mzzXfOMH/Setup.exe","offline","None","malware_download","exe","https://urlhaus.abuse.ch/url/2563401/","abuse_ch"
"2563400","2023-03-08 20:38:18","http://45.166.117.12:58368/bin.sh","online","None","malware_download","32-bit,arm,elf,mirai,Mozi","https://urlhaus.abuse.ch/url/2563400/","geenensp"
"2563398","2023-03-08 20:36:40","http://61.52.235.198:55424/Mozi.m","offline","None","malware_download","elf,Mozi","https://urlhaus.abuse.ch/url/2563398/","lrz_urlhaus"
"2563399","2023-03-08 20:36:40","http://42.237.64.22:56906/Mozi.m","offline","2023-03-09 00:XX:XX","malware_download","elf,Mozi","https://urlhaus.abuse.ch/url/2563399/","lrz_urlhaus"
"2563397","2023-03-08 20:35:42","http://182.126.240.134:33469/Mozi.m","offline","2023-03-09 00:XX:XX","malware_download","elf,Mozi","https://urlhaus.abuse.ch/url/2563397/","lrz_urlhaus"
"2563396","2023-03-08 20:35:36","http://182.121.156.184:46285/Mozi.m","offline","2023-03-09 00:XX:XX","malware_download","elf,Mozi","https://urlhaus.abuse.ch/url/2563396/","lrz_urlhaus"
"2563395","2023-03-08 20:35:30","http://197.246.249.117:50902/Mozi.m","online","None","malware_download","elf,Mozi","https://urlhaus.abuse.ch/url/2563395/","lrz_urlhaus"
"2563393","2023-03-08 20:35:22","http://27.215.209.177:49220/Mozi.m","offline","2023-03-08 23:XX:XX","malware_download","elf,Mozi","https://urlhaus.abuse.ch/url/2563393/","lrz_urlhaus"
"2563394","2023-03-08 20:35:22","http://27.45.12.164:46223/Mozi.a","online","None","malware_download","elf,mirai,Mozi","https://urlhaus.abuse.ch/url/2563394/","lrz_urlhaus"
"2563392","2023-03-08 20:34:39","http://110.180.145.178:58745/Mozi.m","offline","None","malware_download","elf,Mozi","https://urlhaus.abuse.ch/url/2563392/","lrz_urlhaus"
"2563391","2023-03-08 20:34:28","http://103.69.224.53:50519/Mozi.m","online","None","malware_download","elf,Mozi","https://urlhaus.abuse.ch/url/2563391/","lrz_urlhaus"
"2563390","2023-03-08 20:34:23","http://117.221.126.105:41416/Mozi.m","offline","2023-03-08 23:XX:XX","malware_download","elf,Mozi","https://urlhaus.abuse.ch/url/2563390/","lrz_urlhaus"
"2563389","2023-03-08 20:34:22","http://117.215.241.135:47745/Mozi.a","online","None","malware_download","elf,Mozi","https://urlhaus.abuse.ch/url/2563389/","lrz_urlhaus"
"2563388","2023-03-08 20:29:41","http://119.184.46.140:42029/bin.sh","offline","2023-03-09 00:XX:XX","malware_download","32-bit,elf,mips,Mozi","https://urlhaus.abuse.ch/url/2563388/","geenensp"
"2563385","2023-03-08 20:25:13","http://94.142.138.182/0jVu73d/Plugins/clip64.dll","online","None","malware_download","Amadey,dll","https://urlhaus.abuse.ch/url/2563385/","abuse_ch"
"2563386","2023-03-08 20:25:13","http://94.142.138.182/0jVu73d/Plugins/cred64.dll","online","None","malware_download","Amadey,dll","https://urlhaus.abuse.ch/url/2563386/","abuse_ch"
"2563387","2023-03-08 20:25:13","http://77.91.78.17/0jVu73d/Plugins/cred64.dll","online","None","malware_download","Amadey,dll","https://urlhaus.abuse.ch/url/2563387/","abuse_ch"
"2563384","2023-03-08 20:25:12","http://77.91.78.17/0jVu73d/Plugins/clip64.dll","online","None","malware_download","Amadey,dll","https://urlhaus.abuse.ch/url/2563384/","abuse_ch"
"2563382","2023-03-08 20:25:11","http://193.56.146.218/images/IMG_489440/Plugins/cred64.dll","offline","None","malware_download","Amadey,dll","https://urlhaus.abuse.ch/url/2563382/","abuse_ch"
"2563383","2023-03-08 20:25:11","http://193.56.146.218/images/IMG_489440/Plugins/clip64.dll","online","None","malware_download","Amadey,dll","https://urlhaus.abuse.ch/url/2563383/","abuse_ch"
"2563381","2023-03-08 20:24:12","http://179.43.175.10/0feffcf7a685a01f/mozglue.dll","online","None","malware_download","dll,Stealc","https://urlhaus.abuse.ch/url/2563381/","abuse_ch"
"2563378","2023-03-08 20:24:11","http://179.43.175.10/0feffcf7a685a01f/msvcp140.dll","online","None","malware_download","dll,Stealc","https://urlhaus.abuse.ch/url/2563378/","abuse_ch"
"2563379","2023-03-08 20:24:11","http://179.43.175.10/0feffcf7a685a01f/freebl3.dll","online","None","malware_download","dll,Stealc","https://urlhaus.abuse.ch/url/2563379/","abuse_ch"
"2563380","2023-03-08 20:24:11","http://179.43.175.10/0feffcf7a685a01f/nss3.dll","online","None","malware_download","dll,Stealc","https://urlhaus.abuse.ch/url/2563380/","abuse_ch"
"2563375","2023-03-08 20:24:10","http://179.43.175.10/0feffcf7a685a01f/softokn3.dll","online","None","malware_download","dll,Stealc","https://urlhaus.abuse.ch/url/2563375/","abuse_ch"
"2563376","2023-03-08 20:24:10","http://179.43.175.10/0feffcf7a685a01f/vcruntime140.dll","online","None","malware_download","dll,Stealc","https://urlhaus.abuse.ch/url/2563376/","abuse_ch"
"2563377","2023-03-08 20:24:10","http://179.43.175.10/0feffcf7a685a01f/sqlite3.dll","online","None","malware_download","dll,Stealc","https://urlhaus.abuse.ch/url/2563377/","abuse_ch"
"2563374","2023-03-08 20:21:28","https://transfer.sh/get/Gl5GQs/Microsoft%20Office%20Professional%20Plus.rar","online","None","malware_download","1234,Password-protected,rar","https://urlhaus.abuse.ch/url/2563374/","JobcenterTycoon"
"2563373","2023-03-08 20:21:22","https://download1487.mediafire.com/sjxy676bqhkgzLNwR6ga3GtqKQj_ie96LWAjaSmbedgd8LvilclnJ4z0irTbRzJoSbrq41UTPmOQPICWZ07SjMj2MQ/7se3q4ams2cigej/camtasia_%28pass+2023%29.zip","offline","2023-03-08 23:XX:XX","malware_download","zip","https://urlhaus.abuse.ch/url/2563373/","JobcenterTycoon"
"2563372","2023-03-08 20:21:18","https://download2431.mediafire.com/iflp1domry2gdCOARDy13iiAbUWJ60Y3CGGxfByySeeD_jdiLDnPPUpcYuBb-UxCO1T_E6A6usjPyuA4omhKnps3RQ/xpctb8fd0myj0r5/Installer.rar","offline","None","malware_download","2022,Password-protected,rar","https://urlhaus.abuse.ch/url/2563372/","JobcenterTycoon"
"2563370","2023-03-08 20:21:17","https://download2340.mediafire.com/ppm1t3pllhkgWGIQLmhrOt1VtabrH8oKkGilsO64LCuoWCNBdRuDRbYYDCEKPXNQ8rrOrgWkt5qaXa6DQCeH9Mi8gw/g3grszrt01b6xip/installsx64byPcworldMarch.rar","offline","None","malware_download","2022,Password-protected,rar","https://urlhaus.abuse.ch/url/2563370/","JobcenterTycoon"
"2563371","2023-03-08 20:21:17","https://vk.com/doc10773776_660817187?hash=MoPiZ39ZztNLxflcnzROZdTIdSUtRZZOlmjpMesl8DP&dl=GEYDONZTG43TM:1678294484:FU5RFHhFKRdKlZUg2HhfcRB1eMSoqX4z0Wf4PEIK5hH&api=1&no_preview=1#1","online","None","malware_download","dropped-by-PrivateLoader,encrypted,RedLine","https://urlhaus.abuse.ch/url/2563371/","andretavare5"
"2563369","2023-03-08 20:21:15","https://from-free.click/files.zip","offline","2023-03-08 22:XX:XX","malware_download","zip","https://urlhaus.abuse.ch/url/2563369/","JobcenterTycoon"
"2563368","2023-03-08 20:21:12","https://cdn.discordapp.com/attachments/1077531229420785737/1083071462698655947/Program-32x64bit.rar","offline","2023-03-08 22:XX:XX","malware_download","1231,Password-protected,rar","https://urlhaus.abuse.ch/url/2563368/","JobcenterTycoon"
"2563367","2023-03-08 20:21:11","https://vk.com/doc10773776_660815589?hash=7jmxV7lnUietxNL8wkyrCGlm44N2qBM6EqB5xCqulvw&dl=GEYDONZTG43TM:1678292970:uMHQ0COS0DNVxm15JCLNCv8sUl5bXM830DIWGo0NX4k&api=1&no_preview=1#vid100","online","None","malware_download","dropped-by-PrivateLoader,encrypted,Vidar","https://urlhaus.abuse.ch/url/2563367/","andretavare5"
"2563366","2023-03-08 20:20:26","http://42.231.168.161:48495/Mozi.m","offline","2023-03-09 00:XX:XX","malware_download","elf,Mozi","https://urlhaus.abuse.ch/url/2563366/","lrz_urlhaus"
"2563365","2023-03-08 20:20:20","http://27.45.58.83:40237/Mozi.m","online","None","malware_download","elf,mirai,Mozi","https://urlhaus.abuse.ch/url/2563365/","lrz_urlhaus"
"2563364","2023-03-08 20:19:26","http://115.59.119.239:35007/Mozi.m","online","None","malware_download","elf,Mozi","https://urlhaus.abuse.ch/url/2563364/","lrz_urlhaus"
"2563363","2023-03-08 20:19:22","http://158.255.82.206:44043/Mozi.m","online","None","malware_download","elf,Mozi","https://urlhaus.abuse.ch/url/2563363/","lrz_urlhaus"
"2563362","2023-03-08 20:19:21","http://117.201.196.95:42858/Mozi.m","online","None","malware_download","elf,Mozi","https://urlhaus.abuse.ch/url/2563362/","lrz_urlhaus"
"2563361","2023-03-08 20:18:19","http://136.175.69.253:49091/i","online","None","malware_download","32-bit,elf,mips,Mozi","https://urlhaus.abuse.ch/url/2563361/","geenensp"
"2563359","2023-03-08 20:10:30","http://61.1.224.107:49693/i","offline","2023-03-08 22:XX:XX","malware_download","32-bit,elf,mips,Mozi","https://urlhaus.abuse.ch/url/2563359/","geenensp"
"2563357","2023-03-08 20:09:15","http://77.91.78.113/.oK631/bok.mpsl","online","None","malware_download","ddos,elf,mirai","https://urlhaus.abuse.ch/url/2563357/","Gandylyan1"
"2563358","2023-03-08 20:09:15","http://77.91.78.113/.oK631/bok.mips","online","None","malware_download","ddos,elf,mirai","https://urlhaus.abuse.ch/url/2563358/","Gandylyan1"
"2563356","2023-03-08 20:08:15","http://113.77.38.95:59363/bin.sh","offline","2023-03-09 01:XX:XX","malware_download",",32-bit,elf,mips","https://urlhaus.abuse.ch/url/2563356/","geenensp"
"2563355","2023-03-08 20:08:09","https://wtools.io/paste-code/bKqF","offline","None","malware_download","exe,njRAT","https://urlhaus.abuse.ch/url/2563355/","pmelson"
"2563354","2023-03-08 20:07:11","http://2308.prvalps.net/Downloads/office.exe","online","None","malware_download","AuroraStealer,botnet,trojan","https://urlhaus.abuse.ch/url/2563354/","Gandylyan1"
"2563353","2023-03-08 20:07:10","http://2308.prvalps.net/Downloads/htatest1.hta","offline","None","malware_download","botnet,trojan","https://urlhaus.abuse.ch/url/2563353/","Gandylyan1"
"2563352","2023-03-08 20:06:39","http://27.215.243.167:34161/Mozi.m","offline","None","malware_download","elf,Mozi","https://urlhaus.abuse.ch/url/2563352/","lrz_urlhaus"
"2563351","2023-03-08 20:05:23","http://117.216.25.101:42476/Mozi.m","offline","2023-03-08 22:XX:XX","malware_download","elf,mirai,Mozi","https://urlhaus.abuse.ch/url/2563351/","lrz_urlhaus"
"2563350","2023-03-08 20:05:22","http://117.248.62.201:52322/Mozi.m","online","None","malware_download","elf,Mozi","https://urlhaus.abuse.ch/url/2563350/","lrz_urlhaus"
"2563349","2023-03-08 20:04:25","http://120.83.83.34:59963/i","offline","2023-03-08 21:XX:XX","malware_download","32-bit,arm,elf,mirai,Mozi","https://urlhaus.abuse.ch/url/2563349/","geenensp"
"2563348","2023-03-08 20:02:23","http://42.235.171.219:33727/i","online","None","malware_download",",32-bit,elf,mips","https://urlhaus.abuse.ch/url/2563348/","geenensp"
"2563347","2023-03-08 19:58:21","http://117.251.59.242:41545/i","online","None","malware_download","32-bit,elf,mips,Mozi","https://urlhaus.abuse.ch/url/2563347/","geenensp"
"2563346","2023-03-08 19:56:15","http://31.181.86.135:58323/i","online","None","malware_download","32-bit,elf,mips,Mozi","https://urlhaus.abuse.ch/url/2563346/","geenensp"
"2563345","2023-03-08 19:56:04","http://45.66.230.47/bins/y","online","None","malware_download","DDoS Bot,mirai","https://urlhaus.abuse.ch/url/2563345/","Gandylyan1"
"2563344","2023-03-08 19:52:05","http://185.224.128.215/lolmips","online","None","malware_download","DDoS Bot,mirai","https://urlhaus.abuse.ch/url/2563344/","Gandylyan1"
"2563343","2023-03-08 19:51:21","http://84.92.24.225:33243/Mozi.m","online","None","malware_download","elf,Mozi","https://urlhaus.abuse.ch/url/2563343/","lrz_urlhaus"
"2563342","2023-03-08 19:50:42","http://219.140.11.212:35550/Mozi.m","offline","None","malware_download","elf,Mozi","https://urlhaus.abuse.ch/url/2563342/","lrz_urlhaus"
"2563340","2023-03-08 19:50:31","http://182.177.199.226:38082/Mozi.m","online","None","malware_download","elf,Mozi","https://urlhaus.abuse.ch/url/2563340/","lrz_urlhaus"
"2563341","2023-03-08 19:50:31","http://179.165.51.18:43310/Mozi.m","offline","2023-03-08 21:XX:XX","malware_download","elf,mirai,Mozi","https://urlhaus.abuse.ch/url/2563341/","lrz_urlhaus"
"2563339","2023-03-08 19:49:25","http://113.193.89.91:38205/Mozi.m","online","None","malware_download","elf,Mozi","https://urlhaus.abuse.ch/url/2563339/","lrz_urlhaus"
"2563338","2023-03-08 19:49:23","http://177.53.197.69:53950/Mozi.m","offline","2023-03-08 20:XX:XX","malware_download","elf,mirai,Mozi","https://urlhaus.abuse.ch/url/2563338/","lrz_urlhaus"
"2563337","2023-03-08 19:42:34","http://27.215.51.127:51450/i","online","None","malware_download","32-bit,elf,mips,Mozi","https://urlhaus.abuse.ch/url/2563337/","geenensp"
"2563336","2023-03-08 19:42:13","http://113.221.73.18:27420/.i","online","None","malware_download","hajime","https://urlhaus.abuse.ch/url/2563336/","geenensp"
"2563335","2023-03-08 19:41:12","http://27.54.123.145:44113/i","online","None","malware_download","32-bit,elf,mips,Mozi","https://urlhaus.abuse.ch/url/2563335/","geenensp"
"2563334","2023-03-08 19:36:38","http://27.215.211.78:42636/Mozi.m","online","None","malware_download","elf,Mozi","https://urlhaus.abuse.ch/url/2563334/","lrz_urlhaus"
"2563333","2023-03-08 19:36:33","http://27.40.78.137:41462/Mozi.m","online","None","malware_download","elf,mirai,Mozi","https://urlhaus.abuse.ch/url/2563333/","lrz_urlhaus"
"2563331","2023-03-08 19:36:25","http://222.138.175.65:56982/Mozi.m","online","None","malware_download","elf,Mozi","https://urlhaus.abuse.ch/url/2563331/","lrz_urlhaus"
"2563332","2023-03-08 19:36:25","http://39.59.42.25:55393/Mozi.a","offline","2023-03-09 00:XX:XX","malware_download","elf,Mozi","https://urlhaus.abuse.ch/url/2563332/","lrz_urlhaus"
"2563330","2023-03-08 19:36:24","http://27.45.35.98:40463/Mozi.m","offline","2023-03-09 01:XX:XX","malware_download","elf,mirai,Mozi","https://urlhaus.abuse.ch/url/2563330/","lrz_urlhaus"
"2563328","2023-03-08 19:36:18","http://27.45.95.17:51666/Mozi.a","online","None","malware_download","elf,mirai,Mozi","https://urlhaus.abuse.ch/url/2563328/","lrz_urlhaus"
"2563329","2023-03-08 19:36:18","http://42.224.7.74:57861/Mozi.m","offline","2023-03-09 01:XX:XX","malware_download","elf,Mozi","https://urlhaus.abuse.ch/url/2563329/","lrz_urlhaus"
"2563327","2023-03-08 19:35:42","http://123.14.41.230:52521/Mozi.m","offline","None","malware_download","elf,Mozi","https://urlhaus.abuse.ch/url/2563327/","lrz_urlhaus"
"2563326","2023-03-08 19:35:41","http://115.96.113.66:53654/Mozi.a","offline","2023-03-08 23:XX:XX","malware_download","elf,Mozi","https://urlhaus.abuse.ch/url/2563326/","lrz_urlhaus"
"2563325","2023-03-08 19:35:33","http://117.243.240.225:35015/Mozi.m","online","None","malware_download","elf,Mozi","https://urlhaus.abuse.ch/url/2563325/","lrz_urlhaus"
"2563324","2023-03-08 19:35:31","http://117.210.182.77:45548/Mozi.m","online","None","malware_download","elf,Mozi","https://urlhaus.abuse.ch/url/2563324/","lrz_urlhaus"
"2563323","2023-03-08 19:35:28","http://117.255.180.246:56845/Mozi.m","offline","2023-03-08 20:XX:XX","malware_download","elf,Mozi","https://urlhaus.abuse.ch/url/2563323/","lrz_urlhaus"
"2563322","2023-03-08 19:34:31","https://dc437.4sync.com/download/zvtA7LCH/Installer__16_.msi?dsid=ojohvPuq.039d70a9b163a764156236616435537a&sbsr=36034e3df4eeffaf36045a0d0c0e2369ad6&bip=MjQuOTMuMjA1LjI0&lgfp=40","online","None","malware_download","Adobe Acrobat Reader,batloader,msi,Pinesville Ltd","https://urlhaus.abuse.ch/url/2563322/","lazyactivist192"
"2563320","2023-03-08 19:31:21","https://parnas.rent/ebcc974e24/AGN/","online","None","malware_download","dll,emotet,epoch4,heodo,zip","https://urlhaus.abuse.ch/url/2563320/","Cryptolaemus1"
"2563319","2023-03-08 19:31:20","http://www.garrett.kz/faq/OneqxLnCFRgtiOXoo/","online","None","malware_download","dll,emotet,epoch4,heodo,zip","https://urlhaus.abuse.ch/url/2563319/","Cryptolaemus1"
"2563317","2023-03-08 19:31:19","https://wandmaster.net/bitrix/FLx/","online","None","malware_download","dll,emotet,epoch4,heodo,zip","https://urlhaus.abuse.ch/url/2563317/","Cryptolaemus1"
"2563318","2023-03-08 19:31:19","http://mealux.by/personal/i2l4DLYTQAhh1ZuQof/","online","None","malware_download","dll,emotet,epoch4,heodo,zip","https://urlhaus.abuse.ch/url/2563318/","Cryptolaemus1"
"2563315","2023-03-08 19:31:18","https://modern-city.by/bitrix/Bov/","online","None","malware_download","dll,emotet,epoch4,heodo,zip","https://urlhaus.abuse.ch/url/2563315/","Cryptolaemus1"
"2563316","2023-03-08 19:31:18","https://as-auto.su/eshop_app/HH2j9SH/","offline","2023-03-08 20:XX:XX","malware_download","dll,emotet,epoch4,heodo,zip","https://urlhaus.abuse.ch/url/2563316/","Cryptolaemus1"
"2563314","2023-03-08 19:31:17","http://news.coin.su/personal/OzsyCyDFCfANBPNvH/","online","None","malware_download","dll,emotet,epoch4,heodo,zip","https://urlhaus.abuse.ch/url/2563314/","Cryptolaemus1"
"2563313","2023-03-08 19:31:12","http://arlex.su/services/WSxJ50NpOv7W/","online","None","malware_download","dll,emotet,epoch4,heodo,zip","https://urlhaus.abuse.ch/url/2563313/","Cryptolaemus1"
"2563312","2023-03-08 19:29:15","http://112.225.111.87:60034/i","online","None","malware_download","32-bit,elf,mips,Mozi","https://urlhaus.abuse.ch/url/2563312/","geenensp"
"2563311","2023-03-08 19:25:14","https://adobe-l.com/b326b5062b2f0e69046810717534cb90.php","offline","2023-03-08 21:XX:XX","malware_download","Adobe Acrobat Reader,batloader,Malvertising","https://urlhaus.abuse.ch/url/2563311/","lazyactivist192"
"2563310","2023-03-08 19:23:34","http://42.224.168.91:37616/i","online","None","malware_download","32-bit,elf,mips,Mozi","https://urlhaus.abuse.ch/url/2563310/","geenensp"
"2563309","2023-03-08 19:21:41","http://222.138.227.233:40561/Mozi.m","online","None","malware_download","elf,Mozi","https://urlhaus.abuse.ch/url/2563309/","lrz_urlhaus"
"2563308","2023-03-08 19:21:18","http://59.99.129.190:53819/Mozi.m","online","None","malware_download","elf,Mozi","https://urlhaus.abuse.ch/url/2563308/","lrz_urlhaus"
"2563307","2023-03-08 19:21:17","http://222.140.184.161:51206/Mozi.m","offline","2023-03-09 00:XX:XX","malware_download","elf,Mozi","https://urlhaus.abuse.ch/url/2563307/","lrz_urlhaus"
"2563305","2023-03-08 19:20:36","http://119.166.44.177:41325/Mozi.m","offline","2023-03-08 23:XX:XX","malware_download","elf,mirai,Mozi","https://urlhaus.abuse.ch/url/2563305/","lrz_urlhaus"
"2563306","2023-03-08 19:20:36","http://123.156.50.206:50942/Mozi.a","offline","2023-03-08 21:XX:XX","malware_download","elf,mirai,Mozi","https://urlhaus.abuse.ch/url/2563306/","lrz_urlhaus"
"2563304","2023-03-08 19:20:24","http://117.196.25.41:50427/Mozi.m","online","None","malware_download","elf,Mozi","https://urlhaus.abuse.ch/url/2563304/","lrz_urlhaus"
"2563303","2023-03-08 19:20:23","http://175.11.65.127:54151/Mozi.a","online","None","malware_download","elf,mirai,Mozi","https://urlhaus.abuse.ch/url/2563303/","lrz_urlhaus"
"2563302","2023-03-08 19:20:17","http://115.59.31.211:55639/Mozi.m","online","None","malware_download","elf,Mozi","https://urlhaus.abuse.ch/url/2563302/","lrz_urlhaus"
"2563301","2023-03-08 19:12:18","http://42.235.171.219:33727/bin.sh","online","None","malware_download",",32-bit,elf,mips","https://urlhaus.abuse.ch/url/2563301/","geenensp"
"2563300","2023-03-08 19:08:11","https://wtools.io/paste-code/bKq9","offline","None","malware_download","exe,njRAT","https://urlhaus.abuse.ch/url/2563300/","pmelson"
"2563299","2023-03-08 19:06:27","http://39.34.245.41:39016/Mozi.m","online","None","malware_download","elf,Mozi","https://urlhaus.abuse.ch/url/2563299/","lrz_urlhaus"
"2563298","2023-03-08 19:05:42","http://182.126.240.198:41652/Mozi.m","offline","2023-03-08 23:XX:XX","malware_download","elf,Mozi","https://urlhaus.abuse.ch/url/2563298/","lrz_urlhaus"
"2563297","2023-03-08 19:05:23","http://182.177.203.129:41189/Mozi.m","online","None","malware_download","elf,Mozi","https://urlhaus.abuse.ch/url/2563297/","lrz_urlhaus"
"2563296","2023-03-08 19:01:41","http://125.43.80.136:49747/i","offline","2023-03-09 01:XX:XX","malware_download","32-bit,elf,mips,Mozi","https://urlhaus.abuse.ch/url/2563296/","geenensp"
"2563295","2023-03-08 19:00:26","http://115.55.78.109:51542/i","offline","2023-03-09 00:XX:XX","malware_download","32-bit,elf,mips,Mozi","https://urlhaus.abuse.ch/url/2563295/","geenensp"
"2563294","2023-03-08 18:58:28","http://27.215.51.127:51450/bin.sh","offline","2023-03-08 20:XX:XX","malware_download","32-bit,elf,mips,Mozi","https://urlhaus.abuse.ch/url/2563294/","geenensp"
"2563293","2023-03-08 18:53:23","http://119.179.254.122:33961/bin.sh","offline","2023-03-09 01:XX:XX","malware_download","32-bit,elf,mips,Mozi","https://urlhaus.abuse.ch/url/2563293/","geenensp"
"2563292","2023-03-08 18:51:18","http://39.81.169.157:37564/i","online","None","malware_download","32-bit,elf,mips,Mozi","https://urlhaus.abuse.ch/url/2563292/","geenensp"
"2563291","2023-03-08 18:50:27","http://119.186.207.202:49361/Mozi.m","online","None","malware_download","elf,Mozi","https://urlhaus.abuse.ch/url/2563291/","lrz_urlhaus"
"2563290","2023-03-08 18:49:33","http://42.224.168.91:37616/bin.sh","offline","None","malware_download","32-bit,elf,mips,Mozi","https://urlhaus.abuse.ch/url/2563290/","geenensp"
"2563289","2023-03-08 18:49:23","http://117.208.233.52:39763/Mozi.m","online","None","malware_download","elf,Mozi","https://urlhaus.abuse.ch/url/2563289/","lrz_urlhaus"
"2563288","2023-03-08 18:49:15","http://27.215.114.218:44391/bin.sh","online","None","malware_download","32-bit,elf,mips,Mozi","https://urlhaus.abuse.ch/url/2563288/","geenensp"
"2563287","2023-03-08 18:46:21","http://27.54.123.145:44113/bin.sh","online","None","malware_download","32-bit,elf,mips,Mozi","https://urlhaus.abuse.ch/url/2563287/","geenensp"
"2563286","2023-03-08 18:45:20","http://219.155.155.24:40094/i","offline","2023-03-08 20:XX:XX","malware_download","32-bit,elf,mips,Mozi","https://urlhaus.abuse.ch/url/2563286/","geenensp"
"2563285","2023-03-08 18:40:36","http://112.248.101.189:52885/bin.sh","online","None","malware_download","32-bit,elf,mips,Mozi","https://urlhaus.abuse.ch/url/2563285/","geenensp"
"2563284","2023-03-08 18:40:20","http://182.126.80.225:38255/bin.sh","online","None","malware_download","32-bit,elf,mips,Mozi","https://urlhaus.abuse.ch/url/2563284/","geenensp"
"2563283","2023-03-08 18:35:35","http://117.255.186.89:59830/Mozi.m","online","None","malware_download","elf,Mozi","https://urlhaus.abuse.ch/url/2563283/","lrz_urlhaus"
"2563282","2023-03-08 18:35:28","http://117.253.154.202:54155/Mozi.m","online","None","malware_download","elf,Mozi","https://urlhaus.abuse.ch/url/2563282/","lrz_urlhaus"
"2563281","2023-03-08 18:35:27","http://118.252.82.122:38928/Mozi.m","online","None","malware_download","elf,Mozi","https://urlhaus.abuse.ch/url/2563281/","lrz_urlhaus"
"2563279","2023-03-08 18:35:26","http://117.211.46.45:49727/Mozi.m","offline","2023-03-08 19:XX:XX","malware_download","elf,Mozi","https://urlhaus.abuse.ch/url/2563279/","lrz_urlhaus"
"2563280","2023-03-08 18:35:26","http://117.204.143.90:36504/Mozi.m","online","None","malware_download","elf,Mozi","https://urlhaus.abuse.ch/url/2563280/","lrz_urlhaus"
"2563278","2023-03-08 18:35:18","http://177.53.198.180:40711/Mozi.m","offline","2023-03-08 21:XX:XX","malware_download","elf,mirai,Mozi","https://urlhaus.abuse.ch/url/2563278/","lrz_urlhaus"
"2563277","2023-03-08 18:35:17","http://182.113.221.17:38676/Mozi.m","online","None","malware_download","elf,Mozi","https://urlhaus.abuse.ch/url/2563277/","lrz_urlhaus"
"2563276","2023-03-08 18:32:35","http://188.169.174.237:54607/mozi.m","offline","None","malware_download","None","https://urlhaus.abuse.ch/url/2563276/","tammeto"
"2563274","2023-03-08 18:29:23","http://182.114.112.90:33439/i","offline","2023-03-09 00:XX:XX","malware_download","32-bit,elf,mips,Mozi","https://urlhaus.abuse.ch/url/2563274/","geenensp"
"2563275","2023-03-08 18:29:23","http://27.215.213.218:49933/i","online","None","malware_download","32-bit,elf,mips,Mozi","https://urlhaus.abuse.ch/url/2563275/","geenensp"
"2563273","2023-03-08 18:27:18","http://190.140.187.99:42128/bin.sh","online","None","malware_download","32-bit,arm,elf,Mozi","https://urlhaus.abuse.ch/url/2563273/","geenensp"
"2563272","2023-03-08 18:23:12","http://222.241.49.38:25890/.i","offline","2023-03-08 21:XX:XX","malware_download","hajime","https://urlhaus.abuse.ch/url/2563272/","geenensp"
"2563271","2023-03-08 18:20:46","http://117.243.139.27:33299/Mozi.m","online","None","malware_download","elf,Mozi","https://urlhaus.abuse.ch/url/2563271/","lrz_urlhaus"
"2563269","2023-03-08 18:20:42","http://123.5.138.231:56580/Mozi.m","offline","None","malware_download","elf,Mozi","https://urlhaus.abuse.ch/url/2563269/","lrz_urlhaus"
"2563270","2023-03-08 18:20:42","http://182.117.54.200:35740/Mozi.m","offline","2023-03-09 00:XX:XX","malware_download","elf,Mozi","https://urlhaus.abuse.ch/url/2563270/","lrz_urlhaus"
"2563268","2023-03-08 18:20:41","http://179.173.117.22:34483/Mozi.m","offline","2023-03-08 18:XX:XX","malware_download","elf,mirai,Mozi","https://urlhaus.abuse.ch/url/2563268/","lrz_urlhaus"
"2563267","2023-03-08 18:20:33","http://119.179.222.72:55368/Mozi.m","online","None","malware_download","elf,Mozi","https://urlhaus.abuse.ch/url/2563267/","lrz_urlhaus"
"2563266","2023-03-08 18:19:29","http://113.245.174.100:39390/Mozi.m","offline","2023-03-08 21:XX:XX","malware_download","elf,Mozi","https://urlhaus.abuse.ch/url/2563266/","lrz_urlhaus"
"2563265","2023-03-08 18:16:16","http://42.235.75.132:37955/i","offline","2023-03-08 19:XX:XX","malware_download",",32-bit,elf,mips","https://urlhaus.abuse.ch/url/2563265/","geenensp"
"2563264","2023-03-08 18:15:28","http://77.91.78.113/.oK631/bok.x86","online","None","malware_download",",32-bit,elf,mirai,x86-32","https://urlhaus.abuse.ch/url/2563264/","geenensp"
"2563263","2023-03-08 18:15:08","http://117.26.208.41:57352/.i","online","None","malware_download","hajime","https://urlhaus.abuse.ch/url/2563263/","geenensp"
"2563262","2023-03-08 18:14:23","http://106.12.173.7/d","online","None","malware_download","32,arm,elf,mirai","https://urlhaus.abuse.ch/url/2563262/","zbetcheckin"
"2563259","2023-03-08 18:13:23","http://106.12.173.7/t","online","None","malware_download","32,elf,intel,mirai","https://urlhaus.abuse.ch/url/2563259/","zbetcheckin"
"2563260","2023-03-08 18:13:23","http://106.12.173.7/q","online","None","malware_download","32,elf,mips,mirai","https://urlhaus.abuse.ch/url/2563260/","zbetcheckin"
"2563261","2023-03-08 18:13:23","http://106.12.173.7/e","online","None","malware_download","32,arm,elf,mirai","https://urlhaus.abuse.ch/url/2563261/","zbetcheckin"
"2563257","2023-03-08 18:13:21","http://106.12.173.7/c","online","None","malware_download","64,elf,mirai","https://urlhaus.abuse.ch/url/2563257/","zbetcheckin"
"2563258","2023-03-08 18:13:21","http://106.12.173.7/h","offline","2023-03-09 00:XX:XX","malware_download","32,elf,mirai,PowerPC","https://urlhaus.abuse.ch/url/2563258/","zbetcheckin"
"2563256","2023-03-08 18:12:29","http://117.210.178.23:45949/bin.sh","online","None","malware_download","32-bit,elf,mips,Mozi","https://urlhaus.abuse.ch/url/2563256/","geenensp"
"2563255","2023-03-08 18:12:24","http://106.12.173.7/z","online","None","malware_download","32,elf,mips,mirai","https://urlhaus.abuse.ch/url/2563255/","zbetcheckin"
"2563253","2023-03-08 18:12:19","http://106.12.173.7/w","online","None","malware_download","32,elf,mirai,sparc","https://urlhaus.abuse.ch/url/2563253/","zbetcheckin"
"2563254","2023-03-08 18:12:19","http://106.12.173.7/a","online","None","malware_download","32,arm,elf,mirai","https://urlhaus.abuse.ch/url/2563254/","zbetcheckin"
"2563252","2023-03-08 18:12:13","http://219.155.193.12:52267/mozi.m","online","None","malware_download","Mozi","https://urlhaus.abuse.ch/url/2563252/","tammeto"
"2563251","2023-03-08 18:12:05","http://106.12.173.7/bins.sh","online","None","malware_download","shellscript","https://urlhaus.abuse.ch/url/2563251/","zbetcheckin"
"2563250","2023-03-08 18:11:12","http://106.12.173.7/f","online","None","malware_download","32,elf,mirai,motorola","https://urlhaus.abuse.ch/url/2563250/","zbetcheckin"
"2563249","2023-03-08 18:08:10","https://wtools.io/paste-code/bKq6","offline","None","malware_download","exe,njRAT","https://urlhaus.abuse.ch/url/2563249/","pmelson"
"2563245","2023-03-08 18:05:21","http://117.243.130.68:38854/Mozi.m","online","None","malware_download","elf,Mozi","https://urlhaus.abuse.ch/url/2563245/","lrz_urlhaus"
"2563246","2023-03-08 18:05:21","http://117.253.97.242:50383/Mozi.m","online","None","malware_download","elf,mirai,Mozi","https://urlhaus.abuse.ch/url/2563246/","lrz_urlhaus"
"2563247","2023-03-08 18:05:21","http://117.219.115.225:42769/Mozi.m","offline","2023-03-08 21:XX:XX","malware_download","elf,Mozi","https://urlhaus.abuse.ch/url/2563247/","lrz_urlhaus"
"2563248","2023-03-08 18:05:21","http://117.194.168.233:35074/Mozi.m","offline","2023-03-09 00:XX:XX","malware_download","elf,Mozi","https://urlhaus.abuse.ch/url/2563248/","lrz_urlhaus"
"2563242","2023-03-08 18:05:20","http://117.221.123.82:52773/Mozi.m","offline","2023-03-08 19:XX:XX","malware_download","elf,Mozi","https://urlhaus.abuse.ch/url/2563242/","lrz_urlhaus"
"2563243","2023-03-08 18:05:20","http://117.195.111.13:41591/Mozi.a","online","None","malware_download","elf,Mozi","https://urlhaus.abuse.ch/url/2563243/","lrz_urlhaus"
"2563244","2023-03-08 18:05:20","http://115.58.112.195:54316/Mozi.m","online","None","malware_download","elf,Mozi","https://urlhaus.abuse.ch/url/2563244/","lrz_urlhaus"
"2563241","2023-03-08 18:05:14","http://110.182.168.135:16044/.i","offline","2023-03-08 21:XX:XX","malware_download","hajime","https://urlhaus.abuse.ch/url/2563241/","geenensp"
"2563239","2023-03-08 18:04:40","http://103.40.198.198:49881/Mozi.m","offline","None","malware_download","Mozi","https://urlhaus.abuse.ch/url/2563239/","Gandylyan1"
"2563240","2023-03-08 18:04:40","http://114.228.38.196:36273/Mozi.m","offline","None","malware_download","Mozi","https://urlhaus.abuse.ch/url/2563240/","Gandylyan1"
"2563238","2023-03-08 18:04:34","http://116.68.96.187:37051/Mozi.m","offline","None","malware_download","Mozi","https://urlhaus.abuse.ch/url/2563238/","Gandylyan1"
"2563236","2023-03-08 18:04:17","http://117.253.108.109:47853/Mozi.m","offline","2023-03-09 00:XX:XX","malware_download","Mozi","https://urlhaus.abuse.ch/url/2563236/","Gandylyan1"
"2563237","2023-03-08 18:04:17","http://105.96.22.35:47286/Mozi.m","online","None","malware_download","elf,Mozi","https://urlhaus.abuse.ch/url/2563237/","lrz_urlhaus"
"2563235","2023-03-08 18:04:12","http://61.3.106.129:43411/Mozi.m","offline","2023-03-08 19:XX:XX","malware_download","Mozi","https://urlhaus.abuse.ch/url/2563235/","Gandylyan1"
"2563233","2023-03-08 18:04:11","http://125.46.137.243:57231/Mozi.m","online","None","malware_download","Mozi","https://urlhaus.abuse.ch/url/2563233/","Gandylyan1"
"2563234","2023-03-08 18:04:11","http://182.126.105.50:48298/Mozi.m","online","None","malware_download","Mozi","https://urlhaus.abuse.ch/url/2563234/","Gandylyan1"
"2563232","2023-03-08 18:04:08","http://117.216.17.220:49289/Mozi.m","offline","2023-03-08 19:XX:XX","malware_download","Mozi","https://urlhaus.abuse.ch/url/2563232/","Gandylyan1"
"2563230","2023-03-08 18:04:05","http://66.54.96.41:34630/Mozi.m","online","None","malware_download","Mozi","https://urlhaus.abuse.ch/url/2563230/","Gandylyan1"
"2563231","2023-03-08 18:04:05","http://61.3.176.187:48038/Mozi.m","online","None","malware_download","Mozi","https://urlhaus.abuse.ch/url/2563231/","Gandylyan1"
"2563229","2023-03-08 18:03:18","http://106.12.173.7/s","online","None","malware_download","32,elf,mirai,renesas","https://urlhaus.abuse.ch/url/2563229/","zbetcheckin"
"2563228","2023-03-08 18:02:25","http://106.12.173.7/b","offline","2023-03-09 00:XX:XX","malware_download","32,arm,elf,mirai","https://urlhaus.abuse.ch/url/2563228/","zbetcheckin"
"2563227","2023-03-08 17:59:27","http://116.55.124.165:46258/i","offline","2023-03-08 18:XX:XX","malware_download","32-bit,arm,elf,mirai,Mozi","https://urlhaus.abuse.ch/url/2563227/","geenensp"
"2563226","2023-03-08 17:56:39","http://182.114.112.90:33439/bin.sh","online","None","malware_download","32-bit,elf,mips,Mozi","https://urlhaus.abuse.ch/url/2563226/","geenensp"
"2563225","2023-03-08 17:55:41","http://102.80.10.141:34448/mozi.a","offline","None","malware_download","None","https://urlhaus.abuse.ch/url/2563225/","tammeto"
"2563224","2023-03-08 17:52:33","http://116.25.251.215:36300/i","offline","None","malware_download","32-bit,elf,mips,Mozi","https://urlhaus.abuse.ch/url/2563224/","geenensp"
"2563223","2023-03-08 17:50:33","http://122.246.247.244:53262/Mozi.a","online","None","malware_download","elf,mirai,Mozi","https://urlhaus.abuse.ch/url/2563223/","lrz_urlhaus"
"2563221","2023-03-08 17:50:31","http://179.90.254.226:48929/Mozi.m","offline","2023-03-08 19:XX:XX","malware_download","elf,Mozi","https://urlhaus.abuse.ch/url/2563221/","lrz_urlhaus"
"2563222","2023-03-08 17:50:31","http://178.141.97.143:51991/Mozi.m","offline","2023-03-08 23:XX:XX","malware_download","elf,Mozi","https://urlhaus.abuse.ch/url/2563222/","lrz_urlhaus"
"2563220","2023-03-08 17:49:21","http://117.211.35.21:33984/Mozi.m","offline","2023-03-08 21:XX:XX","malware_download","elf,Mozi","https://urlhaus.abuse.ch/url/2563220/","lrz_urlhaus"
"2563219","2023-03-08 17:49:15","http://103.84.130.186:46802/Mozi.m","online","None","malware_download","elf,mirai,Mozi","https://urlhaus.abuse.ch/url/2563219/","lrz_urlhaus"
"2563218","2023-03-08 17:47:12","http://59.88.234.206:43365/mozi.m","online","None","malware_download","None","https://urlhaus.abuse.ch/url/2563218/","tammeto"
"2563217","2023-03-08 17:47:11","http://171.14.192.122:59696/mozi.a","offline","None","malware_download","None","https://urlhaus.abuse.ch/url/2563217/","tammeto"
"2563216","2023-03-08 17:43:10","https://172.245.135.141/sammie.exe","online","None","malware_download","AgentTesla","https://urlhaus.abuse.ch/url/2563216/","James_inthe_box"
"2563215","2023-03-08 17:35:41","http://42.231.88.115:51956/Mozi.m","offline","2023-03-09 00:XX:XX","malware_download","elf,Mozi","https://urlhaus.abuse.ch/url/2563215/","lrz_urlhaus"
"2563213","2023-03-08 17:35:26","http://2.196.165.145:57674/Mozi.m","online","None","malware_download","elf,Mozi","https://urlhaus.abuse.ch/url/2563213/","lrz_urlhaus"
"2563214","2023-03-08 17:35:26","http://27.207.189.201:47728/Mozi.m","online","None","malware_download","elf,Mozi","https://urlhaus.abuse.ch/url/2563214/","lrz_urlhaus"
"2563212","2023-03-08 17:34:41","http://115.50.131.110:41316/Mozi.a","offline","None","malware_download","elf,Mozi","https://urlhaus.abuse.ch/url/2563212/","lrz_urlhaus"
"2563211","2023-03-08 17:34:19","http://182.124.9.142:37778/Mozi.m","offline","2023-03-08 20:XX:XX","malware_download","elf,Mozi","https://urlhaus.abuse.ch/url/2563211/","lrz_urlhaus"
"2563210","2023-03-08 17:29:16","http://115.50.91.86:44351/i","offline","2023-03-09 00:XX:XX","malware_download","32-bit,elf,mips,Mozi","https://urlhaus.abuse.ch/url/2563210/","geenensp"
"2563209","2023-03-08 17:27:20","http://27.215.127.159:47607/bin.sh","online","None","malware_download","32-bit,elf,mips,Mozi","https://urlhaus.abuse.ch/url/2563209/","geenensp"
"2563208","2023-03-08 17:26:33","http://116.25.251.215:36300/bin.sh","online","None","malware_download","32-bit,elf,mips,Mozi","https://urlhaus.abuse.ch/url/2563208/","geenensp"
"2563207","2023-03-08 17:20:34","http://39.45.73.233:38581/Mozi.m","online","None","malware_download","elf,Mozi","https://urlhaus.abuse.ch/url/2563207/","lrz_urlhaus"
"2563205","2023-03-08 17:20:31","http://27.213.34.213:44657/Mozi.m","offline","2023-03-09 01:XX:XX","malware_download","elf,Mozi","https://urlhaus.abuse.ch/url/2563205/","lrz_urlhaus"
"2563206","2023-03-08 17:20:31","http://59.99.131.97:57291/Mozi.m","online","None","malware_download","elf,Mozi","https://urlhaus.abuse.ch/url/2563206/","lrz_urlhaus"
"2563204","2023-03-08 17:19:26","http://117.253.97.168:52341/Mozi.m","online","None","malware_download","elf,Mozi","https://urlhaus.abuse.ch/url/2563204/","lrz_urlhaus"
"2563203","2023-03-08 17:19:24","http://182.177.255.251:55893/Mozi.m","online","None","malware_download","elf,Mozi","https://urlhaus.abuse.ch/url/2563203/","lrz_urlhaus"
"2563202","2023-03-08 17:19:19","http://117.195.80.202:57193/Mozi.m","online","None","malware_download","elf,Mozi","https://urlhaus.abuse.ch/url/2563202/","lrz_urlhaus"
"2563201","2023-03-08 17:16:26","http://61.1.230.36:39834/bin.sh","offline","2023-03-08 20:XX:XX","malware_download","32-bit,elf,mips,mirai,Mozi","https://urlhaus.abuse.ch/url/2563201/","geenensp"
"2563200","2023-03-08 17:15:24","http://42.238.136.187:48903/i","offline","2023-03-08 19:XX:XX","malware_download","32-bit,elf,mips,Mozi","https://urlhaus.abuse.ch/url/2563200/","geenensp"
"2563199","2023-03-08 17:15:16","http://121.238.212.215:33118/.i","online","None","malware_download","hajime","https://urlhaus.abuse.ch/url/2563199/","geenensp"
"2563198","2023-03-08 17:08:11","https://wtools.io/paste-code/bKq1","offline","None","malware_download","exe,njRAT","https://urlhaus.abuse.ch/url/2563198/","pmelson"
"2563197","2023-03-08 17:06:25","http://61.3.99.249:54911/Mozi.m","offline","2023-03-08 18:XX:XX","malware_download","elf,mirai,Mozi","https://urlhaus.abuse.ch/url/2563197/","lrz_urlhaus"
"2563195","2023-03-08 17:05:25","http://125.99.19.191:46594/Mozi.m","online","None","malware_download","elf,Mozi","https://urlhaus.abuse.ch/url/2563195/","lrz_urlhaus"
"2563196","2023-03-08 17:05:25","http://158.255.82.134:59968/Mozi.m","offline","2023-03-08 22:XX:XX","malware_download","elf,Mozi","https://urlhaus.abuse.ch/url/2563196/","lrz_urlhaus"
"2563194","2023-03-08 17:05:20","http://42.235.75.132:37955/bin.sh","offline","2023-03-08 17:XX:XX","malware_download",",32-bit,elf,mips","https://urlhaus.abuse.ch/url/2563194/","geenensp"
"2563193","2023-03-08 17:05:19","http://125.41.9.161:35201/Mozi.m","online","None","malware_download","elf,Mozi","https://urlhaus.abuse.ch/url/2563193/","lrz_urlhaus"
"2563192","2023-03-08 17:04:34","http://112.248.176.112:42484/Mozi.m","offline","2023-03-08 22:XX:XX","malware_download","elf,Mozi","https://urlhaus.abuse.ch/url/2563192/","lrz_urlhaus"
"2563190","2023-03-08 17:04:23","http://117.215.255.230:44727/Mozi.m","online","None","malware_download","elf,Mozi","https://urlhaus.abuse.ch/url/2563190/","lrz_urlhaus"
"2563191","2023-03-08 17:04:23","http://115.63.23.5:48062/Mozi.m","online","None","malware_download","elf,mirai,Mozi","https://urlhaus.abuse.ch/url/2563191/","lrz_urlhaus"
"2563189","2023-03-08 17:01:22","http://182.127.38.96:33714/i","offline","2023-03-09 00:XX:XX","malware_download","32-bit,elf,mips,Mozi","https://urlhaus.abuse.ch/url/2563189/","geenensp"
"2563187","2023-03-08 16:55:11","https://merfs.fun/gallery/photo_004.exe","offline","2023-03-08 17:XX:XX","malware_download","dropped-by-PrivateLoader,RedLine,RedLineStealer","https://urlhaus.abuse.ch/url/2563187/","andretavare5"
"2563188","2023-03-08 16:55:11","https://merfs.fun/java/centos/33940/10032b.exe","offline","2023-03-08 19:XX:XX","malware_download","Amadey,dropped-by-PrivateLoader,RedLine,RedLineStealer","https://urlhaus.abuse.ch/url/2563188/","andretavare5"
"2563186","2023-03-08 16:54:14","https://his-free.click/file.zip","offline","2023-03-08 21:XX:XX","malware_download","zip","https://urlhaus.abuse.ch/url/2563186/","JobcenterTycoon"
"2563185","2023-03-08 16:53:28","http://117.248.67.201:51451/i","online","None","malware_download","32-bit,elf,mips,Mozi","https://urlhaus.abuse.ch/url/2563185/","geenensp"
"2563184","2023-03-08 16:53:16","http://kiss.a-dog.top/b2f628/m/xm.jpg","online","None","malware_download","tar","https://urlhaus.abuse.ch/url/2563184/","abuse_ch"
"2563183","2023-03-08 16:52:26","http://kiss.a-dog.top/b2f628/d/ai.sh","online","None","malware_download","elf,sh","https://urlhaus.abuse.ch/url/2563183/","abuse_ch"
"2563182","2023-03-08 16:51:25","http://59.88.226.10:38101/Mozi.a","online","None","malware_download","elf,Mozi","https://urlhaus.abuse.ch/url/2563182/","lrz_urlhaus"
"2563181","2023-03-08 16:51:18","http://59.94.199.178:39120/Mozi.m","offline","2023-03-08 17:XX:XX","malware_download","elf,Mozi","https://urlhaus.abuse.ch/url/2563181/","lrz_urlhaus"
"2563179","2023-03-08 16:50:22","http://115.55.234.85:40201/Mozi.m","offline","2023-03-09 01:XX:XX","malware_download","elf,Mozi","https://urlhaus.abuse.ch/url/2563179/","lrz_urlhaus"
"2563180","2023-03-08 16:50:22","http://123.14.103.6:42464/Mozi.m","offline","2023-03-09 00:XX:XX","malware_download","elf,Mozi","https://urlhaus.abuse.ch/url/2563180/","lrz_urlhaus"
"2563178","2023-03-08 16:49:14","http://1.246.222.16:2773/Mozi.m","online","None","malware_download","elf,mirai,Mozi","https://urlhaus.abuse.ch/url/2563178/","lrz_urlhaus"
"2563177","2023-03-08 16:47:27","http://42.238.136.187:48903/bin.sh","offline","2023-03-08 18:XX:XX","malware_download","32-bit,elf,mips,Mozi","https://urlhaus.abuse.ch/url/2563177/","geenensp"
"2563176","2023-03-08 16:47:10","http://223.12.157.64:20381/.i","online","None","malware_download","hajime","https://urlhaus.abuse.ch/url/2563176/","geenensp"
"2563175","2023-03-08 16:44:12","http://180.116.187.219:15979/.i","online","None","malware_download","hajime","https://urlhaus.abuse.ch/url/2563175/","geenensp"
"2563174","2023-03-08 16:43:05","http://180.116.169.17:31134/.i","online","None","malware_download","hajime","https://urlhaus.abuse.ch/url/2563174/","geenensp"
"2563173","2023-03-08 16:42:36","http://223.13.72.116:1401/.i","online","None","malware_download","elf,hajime","https://urlhaus.abuse.ch/url/2563173/","tolisec"
"2563172","2023-03-08 16:40:31","http://116.7.52.150:35536/i","offline","2023-03-08 18:XX:XX","malware_download","32-bit,elf,mips,Mozi","https://urlhaus.abuse.ch/url/2563172/","geenensp"
"2563170","2023-03-08 16:36:29","http://83.243.151.143:52709/Mozi.m","online","None","malware_download","elf,mirai,Mozi","https://urlhaus.abuse.ch/url/2563170/","lrz_urlhaus"
"2563171","2023-03-08 16:36:29","http://59.120.87.119:60977/Mozi.m","online","None","malware_download","elf,mirai,Mozi","https://urlhaus.abuse.ch/url/2563171/","lrz_urlhaus"
"2563169","2023-03-08 16:36:23","http://27.215.213.218:49933/Mozi.a","online","None","malware_download","elf,Mozi","https://urlhaus.abuse.ch/url/2563169/","lrz_urlhaus"
"2563168","2023-03-08 16:36:22","http://45.182.47.155:55307/Mozi.m","offline","2023-03-08 23:XX:XX","malware_download","elf,mirai,Mozi","https://urlhaus.abuse.ch/url/2563168/","lrz_urlhaus"
"2563166","2023-03-08 16:35:28","http://117.253.111.194:37532/Mozi.m","online","None","malware_download","elf,Mozi","https://urlhaus.abuse.ch/url/2563166/","lrz_urlhaus"
"2563167","2023-03-08 16:35:28","http://117.208.237.250:44129/Mozi.m","online","None","malware_download","elf,mirai,Mozi","https://urlhaus.abuse.ch/url/2563167/","lrz_urlhaus"
"2563165","2023-03-08 16:35:18","http://163.182.230.63:52916/Mozi.a","online","None","malware_download","elf,Mozi","https://urlhaus.abuse.ch/url/2563165/","lrz_urlhaus"
"2563163","2023-03-08 16:34:34","http://115.50.7.216:50774/Mozi.m","offline","2023-03-09 01:XX:XX","malware_download","elf,Mozi","https://urlhaus.abuse.ch/url/2563163/","lrz_urlhaus"
"2563164","2023-03-08 16:34:34","http://106.59.98.84:49532/Mozi.a","offline","None","malware_download","elf,Mozi","https://urlhaus.abuse.ch/url/2563164/","lrz_urlhaus"
"2563162","2023-03-08 16:34:28","http://182.121.22.251:48675/i","offline","2023-03-08 18:XX:XX","malware_download","32-bit,elf,mips,Mozi","https://urlhaus.abuse.ch/url/2563162/","geenensp"
"2563161","2023-03-08 16:32:34","http://219.140.27.68:40419/i","online","None","malware_download","32-bit,arm,elf,mirai,Mozi","https://urlhaus.abuse.ch/url/2563161/","geenensp"
"2563160","2023-03-08 16:26:30","http://219.155.155.24:40094/bin.sh","offline","2023-03-08 21:XX:XX","malware_download","32-bit,elf,mips,Mozi","https://urlhaus.abuse.ch/url/2563160/","geenensp"
"2563159","2023-03-08 16:25:42","https://drive.google.com/u/1/uc?id=1UQ00QOGhsvRDaAyrU6cJrD9pCtx-DkNV&export=download","online","None","malware_download","None","https://urlhaus.abuse.ch/url/2563159/","abuse_ch"
"2563158","2023-03-08 16:25:31","http://117.212.161.5:33777/bin.sh","online","None","malware_download","32-bit,elf,mips,Mozi","https://urlhaus.abuse.ch/url/2563158/","geenensp"
"2563157","2023-03-08 16:22:23","http://115.55.72.119:33062/i","online","None","malware_download","32-bit,elf,mips,Mozi","https://urlhaus.abuse.ch/url/2563157/","geenensp"
"2563156","2023-03-08 16:21:29","http://115.50.91.86:44351/bin.sh","online","None","malware_download","32-bit,elf,mips,Mozi","https://urlhaus.abuse.ch/url/2563156/","geenensp"
"2563155","2023-03-08 16:21:28","http://59.92.44.113:35374/Mozi.m","offline","2023-03-08 17:XX:XX","malware_download","elf,Mozi","https://urlhaus.abuse.ch/url/2563155/","lrz_urlhaus"
"2563154","2023-03-08 16:20:23","http://27.45.14.195:42231/Mozi.m","online","None","malware_download","elf,mirai,Mozi","https://urlhaus.abuse.ch/url/2563154/","lrz_urlhaus"
"2563153","2023-03-08 16:20:19","http://27.45.39.146:56634/Mozi.m","offline","2023-03-09 00:XX:XX","malware_download","elf,mirai,Mozi","https://urlhaus.abuse.ch/url/2563153/","lrz_urlhaus"
"2563152","2023-03-08 16:19:29","http://124.226.180.82:40969/Mozi.m","offline","2023-03-09 00:XX:XX","malware_download","elf,Mozi","https://urlhaus.abuse.ch/url/2563152/","lrz_urlhaus"
"2563151","2023-03-08 16:19:21","http://117.219.123.189:33145/Mozi.m","online","None","malware_download","elf,Mozi","https://urlhaus.abuse.ch/url/2563151/","lrz_urlhaus"
"2563149","2023-03-08 16:19:20","http://182.116.50.166:43346/Mozi.m","online","None","malware_download","elf,Mozi","https://urlhaus.abuse.ch/url/2563149/","lrz_urlhaus"
"2563150","2023-03-08 16:19:20","http://183.4.224.182:44389/Mozi.a","online","None","malware_download","elf,mirai,Mozi","https://urlhaus.abuse.ch/url/2563150/","lrz_urlhaus"
"2563148","2023-03-08 16:19:14","http://117.255.186.118:52392/Mozi.m","offline","2023-03-08 17:XX:XX","malware_download","elf,Mozi","https://urlhaus.abuse.ch/url/2563148/","lrz_urlhaus"
"2563147","2023-03-08 16:19:12","https://we-free.click/file.zip","offline","2023-03-08 21:XX:XX","malware_download","zip","https://urlhaus.abuse.ch/url/2563147/","JobcenterTycoon"
"2563146","2023-03-08 16:18:24","http://171.38.145.112:53252/i","offline","2023-03-08 18:XX:XX","malware_download","32-bit,arm,elf,mirai,Mozi","https://urlhaus.abuse.ch/url/2563146/","geenensp"
"2563145","2023-03-08 16:13:21","http://136.175.70.134:49615/i","online","None","malware_download","32-bit,elf,mips,Mozi","https://urlhaus.abuse.ch/url/2563145/","geenensp"
"2563144","2023-03-08 16:12:31","http://113.26.238.213:5183/.i","online","None","malware_download","elf,hajime","https://urlhaus.abuse.ch/url/2563144/","tolisec"
"2563143","2023-03-08 16:10:41","http://150.255.245.108:41150/i","offline","None","malware_download","32-bit,elf,mips,Mozi","https://urlhaus.abuse.ch/url/2563143/","geenensp"
"2563142","2023-03-08 16:07:25","http://61.3.98.239:51166/i","offline","2023-03-08 17:XX:XX","malware_download","32-bit,elf,mips,Mozi","https://urlhaus.abuse.ch/url/2563142/","geenensp"
"2563141","2023-03-08 16:06:27","http://59.180.187.21:34237/Mozi.m","offline","2023-03-08 23:XX:XX","malware_download","elf,Mozi","https://urlhaus.abuse.ch/url/2563141/","lrz_urlhaus"
"2563140","2023-03-08 16:06:26","http://42.227.202.15:40501/Mozi.m","offline","2023-03-08 23:XX:XX","malware_download","elf,Mozi","https://urlhaus.abuse.ch/url/2563140/","lrz_urlhaus"
"2563139","2023-03-08 16:05:28","http://121.231.187.117:39570/Mozi.m","online","None","malware_download","elf,Mozi","https://urlhaus.abuse.ch/url/2563139/","lrz_urlhaus"
"2563138","2023-03-08 16:05:26","http://218.29.28.219:52492/Mozi.m","offline","2023-03-09 01:XX:XX","malware_download","elf,Mozi","https://urlhaus.abuse.ch/url/2563138/","lrz_urlhaus"
"2563137","2023-03-08 16:04:24","http://117.195.89.239:42418/Mozi.m","online","None","malware_download","elf,Mozi","https://urlhaus.abuse.ch/url/2563137/","lrz_urlhaus"
"2563136","2023-03-08 16:04:19","http://42.234.130.56:54277/i","offline","2023-03-08 20:XX:XX","malware_download","32-bit,elf,mips,Mozi","https://urlhaus.abuse.ch/url/2563136/","geenensp"
"2563135","2023-03-08 16:04:13","http://116.212.132.117:60950/Mozi.m","online","None","malware_download","elf,Mozi","https://urlhaus.abuse.ch/url/2563135/","lrz_urlhaus"
"2563134","2023-03-08 16:01:11","http://151.56.242.25:14822/.i","online","None","malware_download","hajime","https://urlhaus.abuse.ch/url/2563134/","geenensp"
"2563133","2023-03-08 15:57:33","http://61.53.48.11:35871/i","offline","None","malware_download","32-bit,elf,mips,Mozi","https://urlhaus.abuse.ch/url/2563133/","geenensp"
"2563131","2023-03-08 15:51:34","http://222.141.46.99:41176/Mozi.m","offline","None","malware_download","elf,Mozi","https://urlhaus.abuse.ch/url/2563131/","lrz_urlhaus"
"2563132","2023-03-08 15:51:34","http://223.154.81.254:34890/Mozi.a","online","None","malware_download","elf,mirai,Mozi","https://urlhaus.abuse.ch/url/2563132/","lrz_urlhaus"
"2563130","2023-03-08 15:51:33","http://59.180.173.192:59884/Mozi.m","offline","2023-03-09 01:XX:XX","malware_download","elf,Mozi","https://urlhaus.abuse.ch/url/2563130/","lrz_urlhaus"
"2563129","2023-03-08 15:51:26","http://219.157.188.148:50694/Mozi.m","online","None","malware_download","elf,Mozi","https://urlhaus.abuse.ch/url/2563129/","lrz_urlhaus"
"2563128","2023-03-08 15:51:23","http://42.234.232.192:39980/Mozi.m","offline","2023-03-08 20:XX:XX","malware_download","elf,Mozi","https://urlhaus.abuse.ch/url/2563128/","lrz_urlhaus"
"2563127","2023-03-08 15:51:22","http://59.96.27.192:54159/Mozi.a","offline","2023-03-08 17:XX:XX","malware_download","elf,mirai,Mozi","https://urlhaus.abuse.ch/url/2563127/","lrz_urlhaus"
"2563126","2023-03-08 15:50:30","http://117.223.85.39:55948/Mozi.m","online","None","malware_download","elf,Mozi","https://urlhaus.abuse.ch/url/2563126/","lrz_urlhaus"
"2563125","2023-03-08 15:50:28","http://163.182.241.149:44629/Mozi.m","online","None","malware_download","elf,Mozi","https://urlhaus.abuse.ch/url/2563125/","lrz_urlhaus"
"2563124","2023-03-08 15:49:40","http://180.188.243.122:45428/mozi.m","offline","None","malware_download","None","https://urlhaus.abuse.ch/url/2563124/","tammeto"
"2563123","2023-03-08 15:49:30","http://117.212.165.14:50579/Mozi.m","offline","2023-03-08 17:XX:XX","malware_download","elf,Mozi","https://urlhaus.abuse.ch/url/2563123/","lrz_urlhaus"
"2563122","2023-03-08 15:43:34","http://59.99.199.42:47507/mozi.m","offline","None","malware_download","None","https://urlhaus.abuse.ch/url/2563122/","tammeto"
"2563121","2023-03-08 15:38:19","http://222.142.241.81:58760/i","offline","2023-03-08 19:XX:XX","malware_download","32-bit,elf,mips,Mozi","https://urlhaus.abuse.ch/url/2563121/","geenensp"
"2563120","2023-03-08 15:37:19","http://117.211.33.97:48417/bin.sh","offline","2023-03-08 20:XX:XX","malware_download","32-bit,elf,mips,Mozi","https://urlhaus.abuse.ch/url/2563120/","geenensp"
"2563118","2023-03-08 15:35:31","http://42.229.200.28:46749/Mozi.m","offline","2023-03-08 19:XX:XX","malware_download","elf,Mozi","https://urlhaus.abuse.ch/url/2563118/","lrz_urlhaus"
"2563119","2023-03-08 15:35:31","http://182.127.132.138:58061/Mozi.m","online","None","malware_download","elf,Mozi","https://urlhaus.abuse.ch/url/2563119/","lrz_urlhaus"
"2563117","2023-03-08 15:35:30","http://182.116.84.229:36987/Mozi.m","online","None","malware_download","elf,Mozi","https://urlhaus.abuse.ch/url/2563117/","lrz_urlhaus"
"2563116","2023-03-08 15:35:26","http://182.121.200.104:60542/Mozi.m","offline","2023-03-08 17:XX:XX","malware_download","elf,Mozi","https://urlhaus.abuse.ch/url/2563116/","lrz_urlhaus"
"2563114","2023-03-08 15:35:24","http://117.222.161.94:56401/Mozi.m","offline","2023-03-08 16:XX:XX","malware_download","elf,Mozi","https://urlhaus.abuse.ch/url/2563114/","lrz_urlhaus"
"2563115","2023-03-08 15:35:24","http://42.224.1.138:59223/Mozi.m","online","None","malware_download","elf,Mozi","https://urlhaus.abuse.ch/url/2563115/","lrz_urlhaus"
"2563113","2023-03-08 15:35:23","http://27.45.90.229:36003/Mozi.m","offline","2023-03-09 00:XX:XX","malware_download","elf,mirai,Mozi","https://urlhaus.abuse.ch/url/2563113/","lrz_urlhaus"
"2563112","2023-03-08 15:34:34","http://112.237.210.96:59164/Mozi.m","online","None","malware_download","elf,Mozi","https://urlhaus.abuse.ch/url/2563112/","lrz_urlhaus"
"2563111","2023-03-08 15:34:27","http://113.103.59.78:33696/Mozi.m","online","None","malware_download","elf,Mozi","https://urlhaus.abuse.ch/url/2563111/","lrz_urlhaus"
"2563110","2023-03-08 15:34:12","http://117.196.48.135:54887/Mozi.m","offline","2023-03-08 16:XX:XX","malware_download","elf,Mozi","https://urlhaus.abuse.ch/url/2563110/","lrz_urlhaus"
"2563109","2023-03-08 15:33:34","http://125.47.12.46:46303/i","offline","2023-03-08 22:XX:XX","malware_download","32-bit,elf,mips,Mozi","https://urlhaus.abuse.ch/url/2563109/","geenensp"
"2563108","2023-03-08 15:33:09","http://117.211.37.66:56207/i","offline","2023-03-08 21:XX:XX","malware_download","32-bit,elf,mips,Mozi","https://urlhaus.abuse.ch/url/2563108/","geenensp"
"2563107","2023-03-08 15:25:41","http://84.212.34.39:48387/mozi.m","offline","None","malware_download","None","https://urlhaus.abuse.ch/url/2563107/","tammeto"
"2563106","2023-03-08 15:24:11","http://106.41.57.188:26130/.i","online","None","malware_download","hajime","https://urlhaus.abuse.ch/url/2563106/","geenensp"
"2563105","2023-03-08 15:20:35","http://219.157.38.9:40252/Mozi.m","offline","2023-03-08 20:XX:XX","malware_download","elf,Mozi","https://urlhaus.abuse.ch/url/2563105/","lrz_urlhaus"
"2563104","2023-03-08 15:20:28","http://61.53.48.11:35871/bin.sh","offline","2023-03-08 16:XX:XX","malware_download","32-bit,elf,mips,Mozi","https://urlhaus.abuse.ch/url/2563104/","geenensp"
"2563103","2023-03-08 15:19:41","http://125.43.252.193:53798/Mozi.m","offline","2023-03-09 